GEOIDFQ,YEAR,COUNTY,NAME,MUNITYPE,MEMBERCLASSINDIV,MEMBERCLASSCOUNTY,MEMBERINDIV,MEMBERCOUNTY
M110000US3902582041,2023,Delaware,Ashley,Village,MPO,MPO,FALSE,TRUE
M110000US390410577499999,2023,Delaware,Berkshire,Township,MPO,MPO,FALSE,TRUE
M110000US390410578899999,2023,Delaware,Berlin,Township,MPO,MPO,FALSE,TRUE
M110000US390410942899999,2023,Delaware,Brown,Township,MPO,MPO,FALSE,TRUE
M110000US3918000041,2023,Delaware,Columbus,City,MPO,MPO,TRUE,TRUE
M110000US390411814099999,2023,Delaware,Concord,Township,MPO,MPO,FALSE,TRUE
M110000US3921434041,2023,Delaware,Delaware,City,MPO,MPO,TRUE,TRUE
M110000US390412144899999,2023,Delaware,Delaware,Township,MPO,MPO,FALSE,TRUE
M110000US3922694041,2023,Delaware,Dublin,City,MPO,MPO,TRUE,TRUE
M110000US3929148041,2023,Delaware,Galena,Village,MPO,MPO,TRUE,TRUE
M110000US390412969499999,2023,Delaware,Genoa,Township,MPO,MPO,FALSE,TRUE
M110000US390413351699999,2023,Delaware,Harlem,Township,MPO,MPO,FALSE,TRUE
M110000US390414036299999,2023,Delaware,Kingston,Township,MPO,MPO,FALSE,TRUE
M110000US390414310699999,2023,Delaware,Liberty,Township,MPO,MPO,FALSE,TRUE
M110000US390414790899999,2023,Delaware,Marlboro,Township,MPO,MPO,FALSE,TRUE
M110000US390415861899999,2023,Delaware,Orange,Township,MPO,MPO,FALSE,TRUE
M110000US3958940041,2023,Delaware,Ostrander,Village,MPO,MPO,FALSE,TRUE
M110000US390415926299999,2023,Delaware,Oxford,Township,MPO,MPO,FALSE,TRUE
M110000US390416417899999,2023,Delaware,Porter,Township,MPO,MPO,FALSE,TRUE
M110000US3964486041,2023,Delaware,Powell,City,MPO,MPO,TRUE,TRUE
M110000US390416531299999,2023,Delaware,Radnor,Township,MPO,MPO,FALSE,TRUE
M110000US390417084299999,2023,Delaware,Scioto,Township,MPO,MPO,FALSE,TRUE
M110000US3971976041,2023,Delaware,Shawnee Hills,Village,MPO,MPO,TRUE,TRUE
M110000US3975602041,2023,Delaware,Sunbury,City,MPO,MPO,TRUE,TRUE
M110000US390417661799999,2023,Delaware,Thompson,Township,MPO,MPO,FALSE,TRUE
M110000US390417733699999,2023,Delaware,Trenton,Township,MPO,MPO,FALSE,TRUE
M110000US390417756099999,2023,Delaware,Troy,Township,MPO,MPO,FALSE,TRUE
M110000US3983342041,2023,Delaware,Westerville,City,MPO,MPO,TRUE,TRUE
M110000US390450163799999,2023,Fairfield,Amanda,Township,RPC,CORPO,FALSE,TRUE
M110000US3901630045,2023,Fairfield,Amanda,Village,RPC,CORPO,FALSE,TRUE
M110000US3903758045,2023,Fairfield,Baltimore,Village,RPC,CORPO,FALSE,TRUE
M110000US390450595699999,2023,Fairfield,Berne,Township,RPC,CORPO,FALSE,TRUE
M110000US390450695099999,2023,Fairfield,Bloom,Township,MPO,MPO,TRUE,TRUE
M110000US3908392045,2023,Fairfield,Bremen,Village,RPC,CORPO,FALSE,TRUE
M110000US3909890045,2023,Fairfield,Buckeye Lake,Village,RPC,CORPO,TRUE,TRUE
M110000US3911332045,2023,Fairfield,Canal Winchester,City,MPO,MPO,TRUE,TRUE
M110000US3912252045,2023,Fairfield,Carroll,Village,RPC,CORPO,FALSE,TRUE
M110000US390451568699999,2023,Fairfield,Clearcreek,Township,RPC,CORPO,FALSE,TRUE
M110000US3918000045,2023,Fairfield,Columbus,City,MPO,MPO,TRUE,TRUE
M110000US390453206099999,2023,Fairfield,Greenfield,Township,RPC,CORPO,FALSE,TRUE
M110000US390453581299999,2023,Fairfield,Hocking,Township,RPC,CORPO,FALSE,TRUE
M110000US3941720045,2023,Fairfield,Lancaster,City,RPC,CORPO,TRUE,TRUE
M110000US390454312099999,2023,Fairfield,Liberty,Township,RPC,CORPO,FALSE,TRUE
M110000US3944086045,2023,Fairfield,Lithopolis,Village,MPO,MPO,TRUE,TRUE
M110000US390454638299999,2023,Fairfield,Madison,Township,RPC,CORPO,FALSE,TRUE
M110000US3950400045,2023,Fairfield,Millersport,Village,RPC,CORPO,FALSE,TRUE
M110000US3962498045,2023,Fairfield,Pickerington,City,MPO,MPO,TRUE,TRUE
M110000US390456324099999,2023,Fairfield,Pleasant,Township,RPC,CORPO,FALSE,TRUE
M110000US3963716045,2023,Fairfield,Pleasantville,Village,RPC,CORPO,FALSE,TRUE
M110000US3966390045,2023,Fairfield,Reynoldsburg,City,MPO,MPO,TRUE,TRUE
M110000US390456668499999,2023,Fairfield,Richland,Township,RPC,CORPO,FALSE,TRUE
M110000US390456912099999,2023,Fairfield,Rush Creek,Township,RPC,CORPO,FALSE,TRUE
M110000US3969204045,2023,Fairfield,Rushville,Village,RPC,CORPO,FALSE,TRUE
M110000US3974916045,2023,Fairfield,Stoutsville,Village,RPC,CORPO,FALSE,TRUE
M110000US3975252045,2023,Fairfield,Sugar Grove,Village,RPC,CORPO,FALSE,TRUE
M110000US3976148045,2023,Fairfield,Tarlton,Village,RPC,CORPO,FALSE,TRUE
M110000US3976764045,2023,Fairfield,Thurston,Village,RPC,CORPO,FALSE,TRUE
M110000US390458020699999,2023,Fairfield,Violet,Township,MPO,MPO,TRUE,TRUE
M110000US390458057099999,2023,Fairfield,Walnut,Township,RPC,CORPO,FALSE,TRUE
M110000US3984182045,2023,Fairfield,West Rushville,Village,RPC,CORPO,FALSE,TRUE
M110000US3907188047,2023,Fayette,Bloomingburg,Village,RPC,RPC,FALSE,FALSE
M110000US390471815499999,2023,Fayette,Concord,Township,RPC,RPC,FALSE,FALSE
M110000US390473172499999,2023,Fayette,Green,Township,RPC,RPC,FALSE,FALSE
M110000US390473838899999,2023,Fayette,Jasper,Township,RPC,RPC,FALSE,FALSE
M110000US390473859899999,2023,Fayette,Jefferson,Township,RPC,RPC,FALSE,FALSE
M110000US3938920047,2023,Fayette,Jeffersonville,Village,RPC,RPC,FALSE,FALSE
M110000US390474639699999,2023,Fayette,Madison,Township,RPC,RPC,FALSE,FALSE
M110000US390474768499999,2023,Fayette,Marion,Township,RPC,RPC,FALSE,FALSE
M110000US3950316047,2023,Fayette,Milledgeville,Village,RPC,RPC,FALSE,FALSE
M110000US3954726047,2023,Fayette,New Holland,Village,RPC,RPC,FALSE,FALSE
M110000US3957918047,2023,Fayette,Octa,Village,RPC,RPC,FALSE,FALSE
M110000US390475948699999,2023,Fayette,Paint,Township,RPC,RPC,FALSE,FALSE
M110000US390476182699999,2023,Fayette,Perry,Township,RPC,RPC,FALSE,FALSE
M110000US390477831699999,2023,Fayette,Union,Township,RPC,RPC,FALSE,FALSE
M110000US3981718047,2023,Fayette,Washington Court House,City,RPC,RPC,FALSE,FALSE
M110000US390478216699999,2023,Fayette,Wayne,Township,RPC,RPC,FALSE,FALSE
M110000US3906278049,2023,Franklin,Bexley,City,MPO,MPO,TRUE,TRUE
M110000US390490692299999,2023,Franklin,Blendon,Township,MPO,MPO,TRUE,TRUE
M110000US3908532049,2023,Franklin,Brice,Village,MPO,MPO,FALSE,TRUE
M110000US390490944299999,2023,Franklin,Brown,Township,MPO,MPO,FALSE,TRUE
M110000US3911332049,2023,Franklin,Canal Winchester,City,MPO,MPO,TRUE,TRUE
M110000US390491611299999,2023,Franklin,Clinton,Township,MPO,MPO,TRUE,TRUE
M110000US3918000049,2023,Franklin,Columbus,City,MPO,MPO,TRUE,TRUE
M110000US3918070049,2023,Franklin,Commercial Point,Village,MPO,MPO,FALSE,TRUE
M110000US3922694049,2023,Franklin,Dublin,City,MPO,MPO,TRUE,TRUE
M110000US390492828099999,2023,Franklin,Franklin,Township,MPO,MPO,TRUE,TRUE
M110000US3929106049,2023,Franklin,Gahanna,City,MPO,MPO,TRUE,TRUE
M110000US3931304049,2023,Franklin,Grandview Heights,City,MPO,MPO,TRUE,TRUE
M110000US3932592049,2023,Franklin,Grove City,City,MPO,MPO,TRUE,TRUE
M110000US3932606049,2023,Franklin,Groveport,City,MPO,MPO,TRUE,TRUE
M110000US390493302699999,2023,Franklin,Hamilton,Township,MPO,MPO,FALSE,TRUE
M110000US3933740049,2023,Franklin,Harrisburg,Village,MPO,MPO,FALSE,TRUE
M110000US3935476049,2023,Franklin,Hilliard,City,MPO,MPO,TRUE,TRUE
M110000US390493777299999,2023,Franklin,Jackson,Township,MPO,MPO,TRUE,TRUE
M110000US390493861299999,2023,Franklin,Jefferson,Township,MPO,MPO,TRUE,TRUE
M110000US3944086049,2023,Franklin,Lithopolis,Village,MPO,MPO,TRUE,TRUE
M110000US3944310049,2023,Franklin,Lockbourne,Village,MPO,MPO,TRUE,TRUE
M110000US390494641099999,2023,Franklin,Madison,Township,MPO,MPO,TRUE,TRUE
M110000US3947474049,2023,Franklin,Marble Cliff,Village,MPO,MPO,TRUE,TRUE
M110000US390495006499999,2023,Franklin,Mifflin,Township,MPO,MPO,TRUE,TRUE
M110000US3950862049,2023,Franklin,Minerva Park,Village,MPO,MPO,TRUE,TRUE
M110000US3953970049,2023,Franklin,New Albany,City,MPO,MPO,TRUE,TRUE
M110000US390495734499999,2023,Franklin,Norwich,Township,MPO,MPO,FALSE,TRUE
M110000US3957862049,2023,Franklin,Obetz,City,MPO,MPO,TRUE,TRUE
M110000US390496184099999,2023,Franklin,Perry,Township,MPO,MPO,TRUE,TRUE
M110000US3962498049,2023,Franklin,Pickerington,City,MPO,MPO,TRUE,TRUE
M110000US390496297499999,2023,Franklin,Plain,Township,MPO,MPO,TRUE,TRUE
M110000US390496325499999,2023,Franklin,Pleasant,Township,MPO,MPO,FALSE,TRUE
M110000US390496457099999,2023,Franklin,Prairie,Township,MPO,MPO,TRUE,TRUE
M110000US3966390049,2023,Franklin,Reynoldsburg,City,MPO,MPO,TRUE,TRUE
M110000US3967440049,2023,Franklin,Riverlea,Village,MPO,MPO,TRUE,TRUE
M110000US390497178799999,2023,Franklin,Sharon,Township,MPO,MPO,FALSE,TRUE
M110000US390497771499999,2023,Franklin,Truro,Township,MPO,MPO,TRUE,TRUE
M110000US3979002049,2023,Franklin,Upper Arlington,City,MPO,MPO,TRUE,TRUE
M110000US3979100049,2023,Franklin,Urbancrest,Village,MPO,MPO,TRUE,TRUE
M110000US3979282049,2023,Franklin,Valleyview,Village,MPO,MPO,FALSE,TRUE
M110000US390498124299999,2023,Franklin,Washington,Township,MPO,MPO,TRUE,TRUE
M110000US3983342049,2023,Franklin,Westerville,City,MPO,MPO,TRUE,TRUE
M110000US3984742049,2023,Franklin,Whitehall,City,MPO,MPO,TRUE,TRUE
M110000US3986604049,2023,Franklin,Worthington,City,MPO,MPO,TRUE,TRUE
M110000US390730557899999,2023,Hocking,Benton,Township,RPC,RPC,FALSE,TRUE
M110000US3909834073,2023,Hocking,Buchtel,Village,RPC,RPC,FALSE,TRUE
M110000US390732648899999,2023,Hocking,Falls,Township,RPC,RPC,FALSE,TRUE
M110000US390733084299999,2023,Hocking,Good Hope,Township,RPC,RPC,FALSE,TRUE
M110000US390733178099999,2023,Hocking,Green,Township,RPC,RPC,FALSE,TRUE
M110000US390734205699999,2023,Hocking,Laurel,Township,RPC,RPC,FALSE,TRUE
M110000US3942084073,2023,Hocking,Laurelville,Village,RPC,RPC,FALSE,TRUE
M110000US3944632073,2023,Hocking,Logan,City,RPC,RPC,FALSE,TRUE
M110000US390734774099999,2023,Hocking,Marion,Township,RPC,RPC,FALSE,TRUE
M110000US3953410073,2023,Hocking,Murray City,Village,RPC,RPC,FALSE,TRUE
M110000US390736186899999,2023,Hocking,Perry,Township,RPC,RPC,FALSE,TRUE
M110000US390737014299999,2023,Hocking,Salt Creek,Township,RPC,RPC,FALSE,TRUE
M110000US390737440599999,2023,Hocking,Starr,Township,RPC,RPC,FALSE,TRUE
M110000US390738078099999,2023,Hocking,Ward,Township,RPC,RPC,FALSE,TRUE
M110000US390738135499999,2023,Hocking,Washington,Township,RPC,RPC,FALSE,TRUE
M110000US390830584499999,2023,Knox,Berlin,Township,RPC,CORPO,FALSE,TRUE
M110000US390830947099999,2023,Knox,Brown,Township,RPC,CORPO,FALSE,TRUE
M110000US390831059099999,2023,Knox,Butler,Township,RPC,CORPO,FALSE,TRUE
M110000US3913036083,2023,Knox,Centerburg,Village,RPC,CORPO,FALSE,TRUE
M110000US390831550499999,2023,Knox,Clay,Township,RPC,CORPO,FALSE,TRUE
M110000US390831614099999,2023,Knox,Clinton,Township,RPC,CORPO,FALSE,TRUE
M110000US390831668699999,2023,Knox,College,Township,RPC,CORPO,FALSE,TRUE
M110000US3920114083,2023,Knox,Danville,Village,RPC,CORPO,FALSE,TRUE
M110000US3928658083,2023,Knox,Fredericktown,Village,RPC,CORPO,FALSE,TRUE
M110000US3929246083,2023,Knox,Gambier,Village,RPC,CORPO,TRUE,TRUE
M110000US3929288083,2023,Knox,Gann,Village,RPC,CORPO,FALSE,TRUE
M110000US390833388099999,2023,Knox,Harrison,Township,RPC,CORPO,FALSE,TRUE
M110000US390833546299999,2023,Knox,Hilliar,Township,RPC,CORPO,FALSE,TRUE
M110000US390833652699999,2023,Knox,Howard,Township,RPC,CORPO,FALSE,TRUE
M110000US390833787099999,2023,Knox,Jackson,Township,RPC,CORPO,FALSE,TRUE
M110000US390833866899999,2023,Knox,Jefferson,Township,RPC,CORPO,FALSE,TRUE
M110000US390834321899999,2023,Knox,Liberty,Township,RPC,CORPO,FALSE,TRUE
M110000US3948090083,2023,Knox,Martinsburg,Village,RPC,CORPO,FALSE,TRUE
M110000US390834965899999,2023,Knox,Middlebury,Township,RPC,CORPO,FALSE,TRUE
M110000US390835020499999,2023,Knox,Milford,Township,RPC,CORPO,FALSE,TRUE
M110000US390835033099999,2023,Knox,Miller,Township,RPC,CORPO,FALSE,TRUE
M110000US390835143699999,2023,Knox,Monroe,Township,RPC,CORPO,FALSE,TRUE
M110000US390835210899999,2023,Knox,Morgan,Township,RPC,CORPO,FALSE,TRUE
M110000US390835229099999,2023,Knox,Morris,Township,RPC,CORPO,FALSE,TRUE
M110000US3953102083,2023,Knox,Mount Vernon,City,RPC,CORPO,TRUE,TRUE
M110000US390836265299999,2023,Knox,Pike,Township,RPC,CORPO,FALSE,TRUE
M110000US390836331099999,2023,Knox,Pleasant,Township,RPC,CORPO,FALSE,TRUE
M110000US390837835899999,2023,Knox,Union,Township,RPC,CORPO,FALSE,TRUE
M110000US3979114083,2023,Knox,Utica,Village,RPC,CORPO,FALSE,TRUE
M110000US390838219499999,2023,Knox,Wayne,Township,RPC,CORPO,FALSE,TRUE
M110000US3901154089,2023,Licking,Alexandria,Village,RPC,RPC,FALSE,TRUE
M110000US390890549499999,2023,Licking,Bennington,Township,RPC,RPC,FALSE,TRUE
M110000US390890794499999,2023,Licking,Bowling Green,Township,RPC,RPC,FALSE,TRUE
M110000US3909890089,2023,Licking,Buckeye Lake,Village,RPC,RPC,TRUE,TRUE
M110000US390891036699999,2023,Licking,Burlington,Township,RPC,RPC,FALSE,TRUE
M110000US390892433299999,2023,Licking,Eden,Township,RPC,RPC,FALSE,TRUE
M110000US390892569099999,2023,Licking,Etna,Township,MPO,MPO,TRUE,TRUE
M110000US390892653099999,2023,Licking,Fallsbury,Township,RPC,RPC,FALSE,TRUE
M110000US390892833699999,2023,Licking,Franklin,Township,RPC,RPC,FALSE,TRUE
M110000US390893141699999,2023,Licking,Granville,Township,RPC,RPC,TRUE,TRUE
M110000US3931402089,2023,Licking,Granville,Village,RPC,RPC,TRUE,TRUE
M110000US3931458089,2023,Licking,Gratiot,Village,RPC,RPC,FALSE,TRUE
M110000US390893329999999,2023,Licking,Hanover,Township,RPC,RPC,FALSE,TRUE
M110000US3933292089,2023,Licking,Hanover,Village,RPC,RPC,FALSE,TRUE
M110000US390893389499999,2023,Licking,Harrison,Township,RPC,RPC,FALSE,TRUE
M110000US390893418899999,2023,Licking,Hartford,Township,RPC,RPC,FALSE,TRUE
M110000US3934202089,2023,Licking,Hartford,Village,RPC,RPC,FALSE,TRUE
M110000US3934748089,2023,Licking,Heath,City,RPC,RPC,TRUE,TRUE
M110000US3934790089,2023,Licking,Hebron,Village,RPC,RPC,TRUE,TRUE
M110000US390893631699999,2023,Licking,Hopewell,Township,RPC,RPC,FALSE,TRUE
M110000US390893910299999,2023,Licking,Jersey,Township,RPC,RPC,FALSE,TRUE
M110000US3939340089,2023,Licking,Johnstown,City,RPC,RPC,TRUE,TRUE
M110000US3940572089,2023,Licking,Kirkersville,Village,RPC,RPC,FALSE,TRUE
M110000US390894323299999,2023,Licking,Liberty,Township,RPC,RPC,FALSE,TRUE
M110000US390894345699999,2023,Licking,Licking,Township,RPC,RPC,FALSE,TRUE
M110000US390894650899999,2023,Licking,Madison,Township,RPC,RPC,FALSE,TRUE
M110000US390894813299999,2023,Licking,Mary Ann,Township,RPC,RPC,FALSE,TRUE
M110000US390894611699999,2023,Licking,McKean,Township,RPC,RPC,FALSE,TRUE
M110000US390895145099999,2023,Licking,Monroe,Township,RPC,RPC,FALSE,TRUE
M110000US3953970089,2023,Licking,New Albany,City,MPO,MPO,TRUE,TRUE
M110000US3954040089,2023,Licking,Newark,City,RPC,RPC,TRUE,TRUE
M110000US390895405499999,2023,Licking,Newark,Township,RPC,RPC,FALSE,TRUE
M110000US390895558099999,2023,Licking,Newton,Township,RPC,RPC,FALSE,TRUE
M110000US3961112089,2023,Licking,Pataskala,City,MPO,MPO,TRUE,TRUE
M110000US390896192499999,2023,Licking,Perry,Township,RPC,RPC,FALSE,TRUE
M110000US3966390089,2023,Licking,Reynoldsburg,City,MPO,MPO,TRUE,TRUE
M110000US390896945699999,2023,Licking,St. Albans,Township,RPC,RPC,FALSE,TRUE
M110000US3969652089,2023,Licking,St. Louisville,Village,RPC,RPC,FALSE,TRUE
M110000US390897840099999,2023,Licking,Union,Township,RPC,RPC,FALSE,TRUE
M110000US3979114089,2023,Licking,Utica,Village,RPC,RPC,FALSE,TRUE
M110000US390898141099999,2023,Licking,Washington,Township,RPC,RPC,FALSE,TRUE
M110000US3905116091,2023,Logan,Belle Center,Village,RPC,RPC,FALSE,TRUE
M110000US3905130091,2023,Logan,Bellefontaine,City,RPC,RPC,TRUE,TRUE
M110000US390910711899999,2023,Logan,Bloomfield,Township,RPC,RPC,FALSE,TRUE
M110000US390910755299999,2023,Logan,Bokescreek,Township,RPC,RPC,FALSE,TRUE
M110000US3921378091,2023,Logan,De Graff,Village,RPC,RPC,FALSE,TRUE
M110000US390913390899999,2023,Logan,Harrison,Township,RPC,RPC,FALSE,TRUE
M110000US3936988091,2023,Logan,Huntsville,Village,RPC,RPC,FALSE,TRUE
M110000US390913868299999,2023,Logan,Jefferson,Township,RPC,RPC,FALSE,TRUE
M110000US390914128699999,2023,Logan,Lake,Township,RPC,RPC,FALSE,TRUE
M110000US3941608091,2023,Logan,Lakeview,Village,RPC,RPC,FALSE,TRUE
M110000US390914324699999,2023,Logan,Liberty,Township,RPC,RPC,FALSE,TRUE
M110000US390914568299999,2023,Logan,McArthur,Township,RPC,RPC,FALSE,TRUE
M110000US390914937899999,2023,Logan,Miami,Township,RPC,RPC,FALSE,TRUE
M110000US390915146499999,2023,Logan,Monroe,Township,RPC,RPC,FALSE,TRUE
M110000US390916193899999,2023,Logan,Perry,Township,RPC,RPC,FALSE,TRUE
M110000US390916332499999,2023,Logan,Pleasant,Township,RPC,RPC,FALSE,TRUE
M110000US3965200091,2023,Logan,Quincy,Village,RPC,RPC,FALSE,TRUE
M110000US390916674099999,2023,Logan,Richland,Township,RPC,RPC,FALSE,TRUE
M110000US3967118091,2023,Logan,Ridgeway,Village,RPC,RPC,FALSE,TRUE
M110000US390916913499999,2023,Logan,Rushcreek,Township,RPC,RPC,FALSE,TRUE
M110000US3969176091,2023,Logan,Rushsylvania,Village,RPC,RPC,FALSE,TRUE
M110000US3969302091,2023,Logan,Russells Point,Village,RPC,RPC,FALSE,TRUE
M110000US390917478099999,2023,Logan,Stokes,Township,RPC,RPC,FALSE,TRUE
M110000US390917841499999,2023,Logan,Union,Township,RPC,RPC,FALSE,TRUE
M110000US3979226091,2023,Logan,Valley Hi,Village,RPC,RPC,FALSE,TRUE
M110000US390918142499999,2023,Logan,Washington,Township,RPC,RPC,FALSE,TRUE
M110000US3983734091,2023,Logan,West Liberty,Village,RPC,RPC,FALSE,TRUE
M110000US3983818091,2023,Logan,West Mansfield,Village,RPC,RPC,FALSE,TRUE
M110000US390918804299999,2023,Logan,Zane,Township,RPC,RPC,FALSE,TRUE
M110000US3988070091,2023,Logan,Zanesfield,Village,RPC,RPC,FALSE,TRUE
M110000US390971123499999,2023,Madison,Canaan,Township,RPC,CORPO,FALSE,TRUE
M110000US390972014299999,2023,Madison,Darby,Township,RPC,CORPO,FALSE,TRUE
M110000US390972115499999,2023,Madison,Deer Creek,Township,RPC,CORPO,FALSE,TRUE
M110000US390972606899999,2023,Madison,Fairfield,Township,RPC,CORPO,FALSE,TRUE
M110000US390973869699999,2023,Madison,Jefferson,Township,RPC,CORPO,FALSE,TRUE
M110000US3944674097,2023,Madison,London,City,RPC,CORPO,TRUE,TRUE
M110000US3950008097,2023,Madison,Midway,Village,RPC,CORPO,FALSE,TRUE
M110000US390975147899999,2023,Madison,Monroe,Township,RPC,CORPO,FALSE,TRUE
M110000US3953046097,2023,Madison,Mount Sterling,Village,RPC,CORPO,FALSE,TRUE
M110000US390975770899999,2023,Madison,Oak Run,Township,RPC,CORPO,FALSE,TRUE
M110000US390975952899999,2023,Madison,Paint,Township,RPC,CORPO,FALSE,TRUE
M110000US390976266699999,2023,Madison,Pike,Township,RPC,CORPO,FALSE,TRUE
M110000US3963030097,2023,Madison,Plain City,Village,RPC,CORPO,TRUE,TRUE
M110000US390976333899999,2023,Madison,Pleasant,Township,RPC,CORPO,FALSE,TRUE
M110000US390976548099999,2023,Madison,Range,Township,RPC,CORPO,FALSE,TRUE
M110000US390977296099999,2023,Madison,Somerford,Township,RPC,CORPO,FALSE,TRUE
M110000US3973768097,2023,Madison,South Solon,Village,RPC,CORPO,FALSE,TRUE
M110000US390977478499999,2023,Madison,Stokes,Township,RPC,CORPO,FALSE,TRUE
M110000US390977842899999,2023,Madison,Union,Township,RPC,CORPO,FALSE,TRUE
M110000US3983580097,2023,Madison,West Jefferson,Village,RPC,CORPO,FALSE,TRUE
M110000US391010634899999,2023,Marion,Big Island,Township,RPC,CORPO,FALSE,TRUE
M110000US391010795899999,2023,Marion,Bowling Green,Township,RPC,CORPO,FALSE,TRUE
M110000US3910954101,2023,Marion,Caledonia,Village,RPC,CORPO,FALSE,TRUE
M110000US391011519699999,2023,Marion,Claridon,Township,RPC,CORPO,FALSE,TRUE
M110000US391013117899999,2023,Marion,Grand,Township,RPC,CORPO,FALSE,TRUE
M110000US391013119299999,2023,Marion,Grand Prairie,Township,RPC,CORPO,FALSE,TRUE
M110000US391013196299999,2023,Marion,Green Camp,Township,RPC,CORPO,FALSE,TRUE
M110000US3931948101,2023,Marion,Green Camp,Village,RPC,CORPO,FALSE,TRUE
M110000US3941902101,2023,Marion,La Rue,Village,RPC,CORPO,FALSE,TRUE
M110000US3947754101,2023,Marion,Marion,City,RPC,CORPO,FALSE,TRUE
M110000US391014776899999,2023,Marion,Marion,Township,RPC,CORPO,FALSE,TRUE
M110000US391015173099999,2023,Marion,Montgomery,Township,RPC,CORPO,FALSE,TRUE
M110000US3952276101,2023,Marion,Morral,Village,RPC,CORPO,FALSE,TRUE
M110000US3954152101,2023,Marion,New Bloomington,Village,RPC,CORPO,FALSE,TRUE
M110000US391016335299999,2023,Marion,Pleasant,Township,RPC,CORPO,FALSE,TRUE
M110000US391016479499999,2023,Marion,Prospect,Township,RPC,CORPO,FALSE,TRUE
M110000US3964780101,2023,Marion,Prospect,Village,RPC,CORPO,FALSE,TRUE
M110000US391016675499999,2023,Marion,Richland,Township,RPC,CORPO,FALSE,TRUE
M110000US391017024099999,2023,Marion,Salt Rock,Township,RPC,CORPO,FALSE,TRUE
M110000US391017107399999,2023,Marion,Scott,Township,RPC,CORPO,FALSE,TRUE
M110000US391017774299999,2023,Marion,Tully,Township,RPC,CORPO,FALSE,TRUE
M110000US391018051499999,2023,Marion,Waldo,Township,RPC,CORPO,FALSE,TRUE
M110000US3980500101,2023,Marion,Waldo,Village,RPC,CORPO,FALSE,TRUE
M110000US391170550899999,2023,Morrow,Bennington,Township,RPC,CORPO,FALSE,TRUE
M110000US391171124899999,2023,Morrow,Canaan,Township,RPC,CORPO,FALSE,TRUE
M110000US391171209899999,2023,Morrow,Cardington,Township,RPC,CORPO,FALSE,TRUE
M110000US3912084117,2023,Morrow,Cardington,Village,RPC,CORPO,FALSE,TRUE
M110000US391171403099999,2023,Morrow,Chester,Township,RPC,CORPO,FALSE,TRUE
M110000US3914114117,2023,Morrow,Chesterville,Village,RPC,CORPO,FALSE,TRUE
M110000US391171829499999,2023,Morrow,Congress,Township,RPC,CORPO,FALSE,TRUE
M110000US3924598117,2023,Morrow,Edison,Village,RPC,CORPO,FALSE,TRUE
M110000US391172837899999,2023,Morrow,Franklin,Township,RPC,CORPO,FALSE,TRUE
M110000US3929050117,2023,Morrow,Fulton,Village,RPC,CORPO,FALSE,TRUE
M110000US3929162117,2023,Morrow,Galion,City,RPC,CORPO,FALSE,TRUE
M110000US391173012899999,2023,Morrow,Gilead,Township,RPC,CORPO,FALSE,TRUE
M110000US391173360099999,2023,Morrow,Harmony,Township,RPC,CORPO,FALSE,TRUE
M110000US391174368099999,2023,Morrow,Lincoln,Township,RPC,CORPO,FALSE,TRUE
M110000US3947558117,2023,Morrow,Marengo,Village,RPC,CORPO,FALSE,TRUE
M110000US3952738117,2023,Morrow,Mount Gilead,Village,RPC,CORPO,FALSE,TRUE
M110000US391175622499999,2023,Morrow,North Bloomfield,Township,RPC,CORPO,FALSE,TRUE
M110000US391176198099999,2023,Morrow,Perry,Township,RPC,CORPO,FALSE,TRUE
M110000US391176226099999,2023,Morrow,Peru,Township,RPC,CORPO,FALSE,TRUE
M110000US391177306199999,2023,Morrow,South Bloomfield,Township,RPC,CORPO,FALSE,TRUE
M110000US3973950117,2023,Morrow,Sparta,Village,RPC,CORPO,FALSE,TRUE
M110000US391177760299999,2023,Morrow,Troy,Township,RPC,CORPO,FALSE,TRUE
M110000US391178150899999,2023,Morrow,Washington,Township,RPC,CORPO,FALSE,TRUE
M110000US391178345499999,2023,Morrow,Westfield,Township,RPC,CORPO,FALSE,TRUE
M110000US391270458499999,2023,Perry,Bearfield,Township,RPC,RPC,FALSE,TRUE
M110000US391271565899999,2023,Perry,Clayton,Township,RPC,RPC,FALSE,TRUE
M110000US391271635099999,2023,Perry,Coal,Township,RPC,RPC,FALSE,TRUE
M110000US3918770127,2023,Perry,Corning,Village,RPC,RPC,FALSE,TRUE
M110000US3919456127,2023,Perry,Crooksville,Village,RPC,RPC,FALSE,TRUE
M110000US3930436127,2023,Perry,Glenford,Village,RPC,RPC,FALSE,TRUE
M110000US391273396499999,2023,Perry,Harrison,Township,RPC,RPC,FALSE,TRUE
M110000US3934888127,2023,Perry,Hemlock,Village,RPC,RPC,FALSE,TRUE
M110000US391273638699999,2023,Perry,Hopewell,Township,RPC,RPC,FALSE,TRUE
M110000US391273796899999,2023,Perry,Jackson,Township,RPC,RPC,FALSE,TRUE
M110000US3939508127,2023,Perry,Junction City,Village,RPC,RPC,FALSE,TRUE
M110000US391274655099999,2023,Perry,Madison,Township,RPC,RPC,FALSE,TRUE
M110000US391275119899999,2023,Perry,Monday Creek,Township,RPC,RPC,FALSE,TRUE
M110000US391275152099999,2023,Perry,Monroe,Township,RPC,RPC,FALSE,TRUE
M110000US3954866127,2023,Perry,New Lexington,Village,RPC,RPC,TRUE,TRUE
M110000US3955552127,2023,Perry,New Straitsville,Village,RPC,RPC,FALSE,TRUE
M110000US391276268099999,2023,Perry,Pike,Township,RPC,RPC,FALSE,TRUE
M110000US391276336699999,2023,Perry,Pleasant,Township,RPC,RPC,FALSE,TRUE
M110000US391276576099999,2023,Perry,Reading,Township,RPC,RPC,FALSE,TRUE
M110000US3966222127,2023,Perry,Rendville,Village,RPC,RPC,FALSE,TRUE
M110000US3968560127,2023,Perry,Roseville,Village,RPC,RPC,FALSE,TRUE
M110000US391277022699999,2023,Perry,Salt Lick,Township,RPC,RPC,FALSE,TRUE
M110000US3971962127,2023,Perry,Shawnee,Village,RPC,RPC,FALSE,TRUE
M110000US3972977127,2023,Perry,Somerset,Village,RPC,RPC,TRUE,TRUE
M110000US391277665999999,2023,Perry,Thorn,Township,RPC,RPC,FALSE,TRUE
M110000US3976680127,2023,Perry,Thornville,Village,RPC,RPC,FALSE,TRUE
M110000US3902680129,2023,Pickaway,Ashville,Village,RPC,CORPO,TRUE,FALSE
M110000US3915070129,2023,Pickaway,Circleville,City,RPC,CORPO,TRUE,FALSE
M110000US391291507799999,2023,Pickaway,Circleville,Township,RPC,CORPO,FALSE,FALSE
M110000US3918070129,2023,Pickaway,Commercial Point,Village,RPC,CORPO,FALSE,FALSE
M110000US391292015699999,2023,Pickaway,Darby,Township,RPC,CORPO,FALSE,FALSE
M110000US3920212129,2023,Pickaway,Darbyville,Village,RPC,CORPO,FALSE,FALSE
M110000US391292116899999,2023,Pickaway,Deercreek,Township,RPC,CORPO,FALSE,FALSE
M110000US3933740129,2023,Pickaway,Harrisburg,Village,RPC,CORPO,FALSE,FALSE
M110000US391293397899999,2023,Pickaway,Harrison,Township,RPC,CORPO,FALSE,FALSE
M110000US391293798299999,2023,Pickaway,Jackson,Township,RPC,CORPO,FALSE,FALSE
M110000US3944310129,2023,Pickaway,Lockbourne,Village,RPC,CORPO,TRUE,FALSE
M110000US391294656499999,2023,Pickaway,Madison,Township,RPC,CORPO,FALSE,FALSE
M110000US391295153499999,2023,Pickaway,Monroe,Township,RPC,CORPO,FALSE,FALSE
M110000US391295325699999,2023,Pickaway,Muhlenberg,Township,RPC,CORPO,FALSE,FALSE
M110000US3954726129,2023,Pickaway,New Holland,Village,RPC,CORPO,FALSE,FALSE
M110000US391296200899999,2023,Pickaway,Perry,Township,RPC,CORPO,FALSE,FALSE
M110000US391296248499999,2023,Pickaway,Pickaway,Township,RPC,CORPO,FALSE,FALSE
M110000US391297018499999,2023,Pickaway,Saltcreek,Township,RPC,CORPO,FALSE,FALSE
M110000US391297087099999,2023,Pickaway,Scioto,Township,RPC,CORPO,FALSE,FALSE
M110000US3973068129,2023,Pickaway,South Bloomfield,Village,RPC,CORPO,TRUE,FALSE
M110000US3976148129,2023,Pickaway,Tarlton,Village,RPC,CORPO,FALSE,FALSE
M110000US391298059899999,2023,Pickaway,Walnut,Township,RPC,CORPO,FALSE,FALSE
M110000US391298155099999,2023,Pickaway,Washington,Township,RPC,CORPO,FALSE,FALSE
M110000US391298226499999,2023,Pickaway,Wayne,Township,RPC,CORPO,FALSE,FALSE
M110000US3985414129,2023,Pickaway,Williamsport,Village,RPC,CORPO,FALSE,FALSE
M110000US3900450141,2023,Ross,Adelphi,Village,RPC,RPC,FALSE,FALSE
M110000US3903604141,2023,Ross,Bainbridge,Village,RPC,RPC,FALSE,FALSE
M110000US391411001699999,2023,Ross,Buckskin,Township,RPC,RPC,FALSE,FALSE
M110000US3914184141,2023,Ross,Chillicothe,City,RPC,RPC,TRUE,FALSE
M110000US3915336141,2023,Ross,Clarksburg,Village,RPC,RPC,FALSE,FALSE
M110000US391411663099999,2023,Ross,Colerain,Township,RPC,RPC,FALSE,FALSE
M110000US391411823899999,2023,Ross,Concord,Township,RPC,RPC,FALSE,FALSE
M110000US391412122499999,2023,Ross,Deerfield,Township,RPC,RPC,FALSE,FALSE
M110000US3928182141,2023,Ross,Frankfort,Village,RPC,RPC,FALSE,FALSE
M110000US391412842099999,2023,Ross,Franklin,Township,RPC,RPC,FALSE,FALSE
M110000US391413182299999,2023,Ross,Green,Township,RPC,RPC,FALSE,FALSE
M110000US3932088141,2023,Ross,Greenfield,Village,RPC,RPC,FALSE,FALSE
M110000US391413400699999,2023,Ross,Harrison,Township,RPC,RPC,FALSE,FALSE
M110000US391413689099999,2023,Ross,Huntington,Township,RPC,RPC,FALSE,FALSE
M110000US391413880899999,2023,Ross,Jefferson,Township,RPC,RPC,FALSE,FALSE
M110000US3940376141,2023,Ross,Kingston,Village,RPC,RPC,FALSE,FALSE
M110000US391414330299999,2023,Ross,Liberty,Township,RPC,RPC,FALSE,FALSE
M110000US391415954299999,2023,Ross,Paint,Township,RPC,RPC,FALSE,FALSE
M110000US391416130899999,2023,Ross,Paxton,Township,RPC,RPC,FALSE,FALSE
M110000US391417089899999,2023,Ross,Scioto,Township,RPC,RPC,FALSE,FALSE
M110000US3973698141,2023,Ross,South Salem,Village,RPC,RPC,FALSE,FALSE
M110000US391417412999999,2023,Ross,Springfield,Township,RPC,RPC,FALSE,FALSE
M110000US391417800899999,2023,Ross,Twin,Township,RPC,RPC,FALSE,FALSE
M110000US391417854099999,2023,Ross,Union,Township,RPC,RPC,FALSE,FALSE
M110000US391590133699999,2023,Union,Allen,Township,RPC,CORPO,FALSE,TRUE
M110000US391591511299999,2023,Union,Claibourne,Township,RPC,CORPO,FALSE,TRUE
M110000US391592017099999,2023,Union,Darby,Township,RPC,CORPO,FALSE,TRUE
M110000US391592248499999,2023,Union,Dover,Township,RPC,CORPO,FALSE,TRUE
M110000US3922694159,2023,Union,Dublin,City,MPO,MPO,TRUE,TRUE
M110000US391593810899999,2023,Union,Jackson,Township,RPC,CORPO,FALSE,TRUE
M110000US391593904699999,2023,Union,Jerome,Township,MPO,MPO,TRUE,TRUE
M110000US391594249099999,2023,Union,Leesburg,Township,RPC,CORPO,FALSE,TRUE
M110000US391594335899999,2023,Union,Liberty,Township,RPC,CORPO,FALSE,TRUE
M110000US3946830159,2023,Union,Magnetic Springs,Village,RPC,CORPO,FALSE,TRUE
M110000US3948160159,2023,Union,Marysville,City,RPC,CORPO,TRUE,TRUE
M110000US3950218159,2023,Union,Milford Center,Village,RPC,CORPO,FALSE,TRUE
M110000US391595028899999,2023,Union,Millcreek,Township,RPC,CORPO,FALSE,TRUE
M110000US391595986499999,2023,Union,Paris,Township,RPC,CORPO,FALSE,TRUE
M110000US3963030159,2023,Union,Plain City,Village,RPC,CORPO,TRUE,TRUE
M110000US3966936159,2023,Union,Richwood,Village,RPC,CORPO,FALSE,TRUE
M110000US391597619499999,2023,Union,Taylor,Township,RPC,CORPO,FALSE,TRUE
M110000US391597858299999,2023,Union,Union,Township,RPC,CORPO,FALSE,TRUE
M110000US3978834159,2023,Union,Unionville Center,Village,RPC,CORPO,FALSE,TRUE
M110000US391598166299999,2023,Union,Washington,Township,RPC,CORPO,FALSE,TRUE
M110000US391598712299999,2023,Union,York,Township,RPC,CORPO,FALSE,TRUE
M110000US3902582041,2024,Delaware,Ashley,Village,MPO,MPO,FALSE,TRUE
M110000US390410577499999,2024,Delaware,Berkshire,Township,MPO,MPO,FALSE,TRUE
M110000US390410578899999,2024,Delaware,Berlin,Township,MPO,MPO,FALSE,TRUE
M110000US390410942899999,2024,Delaware,Brown,Township,MPO,MPO,FALSE,TRUE
M110000US3918000041,2024,Delaware,Columbus,City,MPO,MPO,TRUE,TRUE
M110000US390411814099999,2024,Delaware,Concord,Township,MPO,MPO,FALSE,TRUE
M110000US3921434041,2024,Delaware,Delaware,City,MPO,MPO,TRUE,TRUE
M110000US390412144899999,2024,Delaware,Delaware,Township,MPO,MPO,FALSE,TRUE
M110000US3922694041,2024,Delaware,Dublin,City,MPO,MPO,TRUE,TRUE
M110000US3929148041,2024,Delaware,Galena,Village,MPO,MPO,TRUE,TRUE
M110000US390412969499999,2024,Delaware,Genoa,Township,MPO,MPO,FALSE,TRUE
M110000US390413351699999,2024,Delaware,Harlem,Township,MPO,MPO,FALSE,TRUE
M110000US390414036299999,2024,Delaware,Kingston,Township,MPO,MPO,FALSE,TRUE
M110000US390414310699999,2024,Delaware,Liberty,Township,MPO,MPO,FALSE,TRUE
M110000US390414790899999,2024,Delaware,Marlboro,Township,MPO,MPO,FALSE,TRUE
M110000US390415861899999,2024,Delaware,Orange,Township,MPO,MPO,FALSE,TRUE
M110000US3958940041,2024,Delaware,Ostrander,Village,MPO,MPO,FALSE,TRUE
M110000US390415926299999,2024,Delaware,Oxford,Township,MPO,MPO,FALSE,TRUE
M110000US390416417899999,2024,Delaware,Porter,Township,MPO,MPO,FALSE,TRUE
M110000US3964486041,2024,Delaware,Powell,City,MPO,MPO,TRUE,TRUE
M110000US390416531299999,2024,Delaware,Radnor,Township,MPO,MPO,FALSE,TRUE
M110000US390417084299999,2024,Delaware,Scioto,Township,MPO,MPO,FALSE,TRUE
M110000US3971976041,2024,Delaware,Shawnee Hills,Village,MPO,MPO,TRUE,TRUE
M110000US3975602041,2024,Delaware,Sunbury,City,MPO,MPO,TRUE,TRUE
M110000US390417661799999,2024,Delaware,Thompson,Township,MPO,MPO,FALSE,TRUE
M110000US390417733699999,2024,Delaware,Trenton,Township,MPO,MPO,FALSE,TRUE
M110000US390417756099999,2024,Delaware,Troy,Township,MPO,MPO,FALSE,TRUE
M110000US3983342041,2024,Delaware,Westerville,City,MPO,MPO,TRUE,TRUE
M110000US390450163799999,2024,Fairfield,Amanda,Township,RPC,CORPO,FALSE,TRUE
M110000US3901630045,2024,Fairfield,Amanda,Village,RPC,CORPO,FALSE,TRUE
M110000US3903758045,2024,Fairfield,Baltimore,Village,RPC,CORPO,FALSE,TRUE
M110000US390450595699999,2024,Fairfield,Berne,Township,RPC,CORPO,FALSE,TRUE
M110000US390450695099999,2024,Fairfield,Bloom,Township,MPO,MPO,TRUE,TRUE
M110000US3908392045,2024,Fairfield,Bremen,Village,RPC,CORPO,FALSE,TRUE
M110000US3909890045,2024,Fairfield,Buckeye Lake,Village,RPC,CORPO,TRUE,TRUE
M110000US3911332045,2024,Fairfield,Canal Winchester,City,MPO,MPO,TRUE,TRUE
M110000US3912252045,2024,Fairfield,Carroll,Village,RPC,CORPO,FALSE,TRUE
M110000US390451568699999,2024,Fairfield,Clearcreek,Township,RPC,CORPO,FALSE,TRUE
M110000US3918000045,2024,Fairfield,Columbus,City,MPO,MPO,TRUE,TRUE
M110000US390453206099999,2024,Fairfield,Greenfield,Township,RPC,CORPO,FALSE,TRUE
M110000US390453581299999,2024,Fairfield,Hocking,Township,RPC,CORPO,FALSE,TRUE
M110000US3941720045,2024,Fairfield,Lancaster,City,RPC,CORPO,TRUE,TRUE
M110000US390454312099999,2024,Fairfield,Liberty,Township,RPC,CORPO,FALSE,TRUE
M110000US3944086045,2024,Fairfield,Lithopolis,Village,MPO,MPO,TRUE,TRUE
M110000US390454638299999,2024,Fairfield,Madison,Township,RPC,CORPO,FALSE,TRUE
M110000US3950400045,2024,Fairfield,Millersport,Village,RPC,CORPO,FALSE,TRUE
M110000US3962498045,2024,Fairfield,Pickerington,City,MPO,MPO,TRUE,TRUE
M110000US390456324099999,2024,Fairfield,Pleasant,Township,RPC,CORPO,FALSE,TRUE
M110000US3963716045,2024,Fairfield,Pleasantville,Village,RPC,CORPO,FALSE,TRUE
M110000US3966390045,2024,Fairfield,Reynoldsburg,City,MPO,MPO,TRUE,TRUE
M110000US390456668499999,2024,Fairfield,Richland,Township,RPC,CORPO,FALSE,TRUE
M110000US390456912099999,2024,Fairfield,Rush Creek,Township,RPC,CORPO,FALSE,TRUE
M110000US3969204045,2024,Fairfield,Rushville,Village,RPC,CORPO,FALSE,TRUE
M110000US3974916045,2024,Fairfield,Stoutsville,Village,RPC,CORPO,FALSE,TRUE
M110000US3975252045,2024,Fairfield,Sugar Grove,Village,RPC,CORPO,FALSE,TRUE
M110000US3976148045,2024,Fairfield,Tarlton,Village,RPC,CORPO,FALSE,TRUE
M110000US3976764045,2024,Fairfield,Thurston,Village,RPC,CORPO,FALSE,TRUE
M110000US390458020699999,2024,Fairfield,Violet,Township,MPO,MPO,TRUE,TRUE
M110000US390458057099999,2024,Fairfield,Walnut,Township,RPC,CORPO,FALSE,TRUE
M110000US3984182045,2024,Fairfield,West Rushville,Village,RPC,CORPO,FALSE,TRUE
M110000US3907188047,2024,Fayette,Bloomingburg,Village,RPC,RPC,FALSE,FALSE
M110000US390471815499999,2024,Fayette,Concord,Township,RPC,RPC,FALSE,FALSE
M110000US390473172499999,2024,Fayette,Green,Township,RPC,RPC,FALSE,FALSE
M110000US390473838899999,2024,Fayette,Jasper,Township,RPC,RPC,FALSE,FALSE
M110000US390473859899999,2024,Fayette,Jefferson,Township,RPC,RPC,FALSE,FALSE
M110000US3938920047,2024,Fayette,Jeffersonville,Village,RPC,RPC,FALSE,FALSE
M110000US390474639699999,2024,Fayette,Madison,Township,RPC,RPC,FALSE,FALSE
M110000US390474768499999,2024,Fayette,Marion,Township,RPC,RPC,FALSE,FALSE
M110000US3950316047,2024,Fayette,Milledgeville,Village,RPC,RPC,FALSE,FALSE
M110000US3954726047,2024,Fayette,New Holland,Village,RPC,RPC,FALSE,FALSE
M110000US3957918047,2024,Fayette,Octa,Village,RPC,RPC,FALSE,FALSE
M110000US390475948699999,2024,Fayette,Paint,Township,RPC,RPC,FALSE,FALSE
M110000US390476182699999,2024,Fayette,Perry,Township,RPC,RPC,FALSE,FALSE
M110000US390477831699999,2024,Fayette,Union,Township,RPC,RPC,FALSE,FALSE
M110000US3981718047,2024,Fayette,Washington Court House,City,RPC,RPC,FALSE,FALSE
M110000US390478216699999,2024,Fayette,Wayne,Township,RPC,RPC,FALSE,FALSE
M110000US3906278049,2024,Franklin,Bexley,City,MPO,MPO,TRUE,TRUE
M110000US390490692299999,2024,Franklin,Blendon,Township,MPO,MPO,TRUE,TRUE
M110000US3908532049,2024,Franklin,Brice,Village,MPO,MPO,FALSE,TRUE
M110000US390490944299999,2024,Franklin,Brown,Township,MPO,MPO,TRUE,TRUE
M110000US3911332049,2024,Franklin,Canal Winchester,City,MPO,MPO,TRUE,TRUE
M110000US390491611299999,2024,Franklin,Clinton,Township,MPO,MPO,TRUE,TRUE
M110000US3918000049,2024,Franklin,Columbus,City,MPO,MPO,TRUE,TRUE
M110000US3918070049,2024,Franklin,Commercial Point,Village,MPO,MPO,FALSE,TRUE
M110000US3922694049,2024,Franklin,Dublin,City,MPO,MPO,TRUE,TRUE
M110000US390492828099999,2024,Franklin,Franklin,Township,MPO,MPO,TRUE,TRUE
M110000US3929106049,2024,Franklin,Gahanna,City,MPO,MPO,TRUE,TRUE
M110000US3931304049,2024,Franklin,Grandview Heights,City,MPO,MPO,TRUE,TRUE
M110000US3932592049,2024,Franklin,Grove City,City,MPO,MPO,TRUE,TRUE
M110000US3932606049,2024,Franklin,Groveport,City,MPO,MPO,TRUE,TRUE
M110000US390493302699999,2024,Franklin,Hamilton,Township,MPO,MPO,FALSE,TRUE
M110000US3933740049,2024,Franklin,Harrisburg,Village,MPO,MPO,FALSE,TRUE
M110000US3935476049,2024,Franklin,Hilliard,City,MPO,MPO,TRUE,TRUE
M110000US390493777299999,2024,Franklin,Jackson,Township,MPO,MPO,TRUE,TRUE
M110000US390493861299999,2024,Franklin,Jefferson,Township,MPO,MPO,TRUE,TRUE
M110000US3944086049,2024,Franklin,Lithopolis,Village,MPO,MPO,TRUE,TRUE
M110000US3944310049,2024,Franklin,Lockbourne,Village,MPO,MPO,TRUE,TRUE
M110000US390494641099999,2024,Franklin,Madison,Township,MPO,MPO,TRUE,TRUE
M110000US3947474049,2024,Franklin,Marble Cliff,Village,MPO,MPO,TRUE,TRUE
M110000US390495006499999,2024,Franklin,Mifflin,Township,MPO,MPO,TRUE,TRUE
M110000US3950862049,2024,Franklin,Minerva Park,Village,MPO,MPO,TRUE,TRUE
M110000US3953970049,2024,Franklin,New Albany,City,MPO,MPO,TRUE,TRUE
M110000US390495734499999,2024,Franklin,Norwich,Township,MPO,MPO,FALSE,TRUE
M110000US3957862049,2024,Franklin,Obetz,City,MPO,MPO,TRUE,TRUE
M110000US390496184099999,2024,Franklin,Perry,Township,MPO,MPO,TRUE,TRUE
M110000US3962498049,2024,Franklin,Pickerington,City,MPO,MPO,TRUE,TRUE
M110000US390496297499999,2024,Franklin,Plain,Township,MPO,MPO,TRUE,TRUE
M110000US390496325499999,2024,Franklin,Pleasant,Township,MPO,MPO,FALSE,TRUE
M110000US390496457099999,2024,Franklin,Prairie,Township,MPO,MPO,TRUE,TRUE
M110000US3966390049,2024,Franklin,Reynoldsburg,City,MPO,MPO,TRUE,TRUE
M110000US3967440049,2024,Franklin,Riverlea,Village,MPO,MPO,TRUE,TRUE
M110000US390497178799999,2024,Franklin,Sharon,Township,MPO,MPO,FALSE,TRUE
M110000US390497771499999,2024,Franklin,Truro,Township,MPO,MPO,TRUE,TRUE
M110000US3979002049,2024,Franklin,Upper Arlington,City,MPO,MPO,TRUE,TRUE
M110000US3979100049,2024,Franklin,Urbancrest,Village,MPO,MPO,TRUE,TRUE
M110000US3979282049,2024,Franklin,Valleyview,Village,MPO,MPO,FALSE,TRUE
M110000US390498124299999,2024,Franklin,Washington,Township,MPO,MPO,TRUE,TRUE
M110000US3983342049,2024,Franklin,Westerville,City,MPO,MPO,TRUE,TRUE
M110000US3984742049,2024,Franklin,Whitehall,City,MPO,MPO,TRUE,TRUE
M110000US3986604049,2024,Franklin,Worthington,City,MPO,MPO,TRUE,TRUE
M110000US390730557899999,2024,Hocking,Benton,Township,RPC,RPC,FALSE,TRUE
M110000US3909834073,2024,Hocking,Buchtel,Village,RPC,RPC,FALSE,TRUE
M110000US390732648899999,2024,Hocking,Falls,Township,RPC,RPC,FALSE,TRUE
M110000US390733084299999,2024,Hocking,Good Hope,Township,RPC,RPC,FALSE,TRUE
M110000US390733178099999,2024,Hocking,Green,Township,RPC,RPC,FALSE,TRUE
M110000US390734205699999,2024,Hocking,Laurel,Township,RPC,RPC,FALSE,TRUE
M110000US3942084073,2024,Hocking,Laurelville,Village,RPC,RPC,FALSE,TRUE
M110000US3944632073,2024,Hocking,Logan,City,RPC,RPC,FALSE,TRUE
M110000US390734774099999,2024,Hocking,Marion,Township,RPC,RPC,FALSE,TRUE
M110000US3953410073,2024,Hocking,Murray City,Village,RPC,RPC,FALSE,TRUE
M110000US390736186899999,2024,Hocking,Perry,Township,RPC,RPC,FALSE,TRUE
M110000US390737014299999,2024,Hocking,Salt Creek,Township,RPC,RPC,FALSE,TRUE
M110000US390737440599999,2024,Hocking,Starr,Township,RPC,RPC,FALSE,TRUE
M110000US390738078099999,2024,Hocking,Ward,Township,RPC,RPC,FALSE,TRUE
M110000US390738135499999,2024,Hocking,Washington,Township,RPC,RPC,FALSE,TRUE
M110000US390830584499999,2024,Knox,Berlin,Township,RPC,CORPO,FALSE,TRUE
M110000US390830947099999,2024,Knox,Brown,Township,RPC,CORPO,FALSE,TRUE
M110000US390831059099999,2024,Knox,Butler,Township,RPC,CORPO,FALSE,TRUE
M110000US3913036083,2024,Knox,Centerburg,Village,RPC,CORPO,FALSE,TRUE
M110000US390831550499999,2024,Knox,Clay,Township,RPC,CORPO,FALSE,TRUE
M110000US390831614099999,2024,Knox,Clinton,Township,RPC,CORPO,FALSE,TRUE
M110000US390831668699999,2024,Knox,College,Township,RPC,CORPO,FALSE,TRUE
M110000US3920114083,2024,Knox,Danville,Village,RPC,CORPO,FALSE,TRUE
M110000US3928658083,2024,Knox,Fredericktown,Village,RPC,CORPO,FALSE,TRUE
M110000US3929246083,2024,Knox,Gambier,Village,RPC,CORPO,TRUE,TRUE
M110000US3929288083,2024,Knox,Gann,Village,RPC,CORPO,FALSE,TRUE
M110000US390833388099999,2024,Knox,Harrison,Township,RPC,CORPO,FALSE,TRUE
M110000US390833546299999,2024,Knox,Hilliar,Township,RPC,CORPO,FALSE,TRUE
M110000US390833652699999,2024,Knox,Howard,Township,RPC,CORPO,FALSE,TRUE
M110000US390833787099999,2024,Knox,Jackson,Township,RPC,CORPO,FALSE,TRUE
M110000US390833866899999,2024,Knox,Jefferson,Township,RPC,CORPO,FALSE,TRUE
M110000US390834321899999,2024,Knox,Liberty,Township,RPC,CORPO,FALSE,TRUE
M110000US3948090083,2024,Knox,Martinsburg,Village,RPC,CORPO,FALSE,TRUE
M110000US390834965899999,2024,Knox,Middlebury,Township,RPC,CORPO,FALSE,TRUE
M110000US390835020499999,2024,Knox,Milford,Township,RPC,CORPO,FALSE,TRUE
M110000US390835033099999,2024,Knox,Miller,Township,RPC,CORPO,FALSE,TRUE
M110000US390835143699999,2024,Knox,Monroe,Township,RPC,CORPO,FALSE,TRUE
M110000US390835210899999,2024,Knox,Morgan,Township,RPC,CORPO,FALSE,TRUE
M110000US390835229099999,2024,Knox,Morris,Township,RPC,CORPO,FALSE,TRUE
M110000US3953102083,2024,Knox,Mount Vernon,City,RPC,CORPO,TRUE,TRUE
M110000US390836265299999,2024,Knox,Pike,Township,RPC,CORPO,FALSE,TRUE
M110000US390836331099999,2024,Knox,Pleasant,Township,RPC,CORPO,FALSE,TRUE
M110000US390837835899999,2024,Knox,Union,Township,RPC,CORPO,FALSE,TRUE
M110000US3979114083,2024,Knox,Utica,Village,RPC,CORPO,FALSE,TRUE
M110000US390838219499999,2024,Knox,Wayne,Township,RPC,CORPO,FALSE,TRUE
M110000US3901154089,2024,Licking,Alexandria,Village,RPC,RPC,FALSE,TRUE
M110000US390890549499999,2024,Licking,Bennington,Township,RPC,RPC,FALSE,TRUE
M110000US390890794499999,2024,Licking,Bowling Green,Township,RPC,RPC,FALSE,TRUE
M110000US3909890089,2024,Licking,Buckeye Lake,Village,RPC,RPC,TRUE,TRUE
M110000US390891036699999,2024,Licking,Burlington,Township,RPC,RPC,FALSE,TRUE
M110000US390892433299999,2024,Licking,Eden,Township,RPC,RPC,FALSE,TRUE
M110000US390892569099999,2024,Licking,Etna,Township,MPO,MPO,TRUE,TRUE
M110000US390892653099999,2024,Licking,Fallsbury,Township,RPC,RPC,FALSE,TRUE
M110000US390892833699999,2024,Licking,Franklin,Township,RPC,RPC,FALSE,TRUE
M110000US390893141699999,2024,Licking,Granville,Township,RPC,RPC,TRUE,TRUE
M110000US3931402089,2024,Licking,Granville,Village,RPC,RPC,TRUE,TRUE
M110000US3931458089,2024,Licking,Gratiot,Village,RPC,RPC,FALSE,TRUE
M110000US390893329999999,2024,Licking,Hanover,Township,RPC,RPC,FALSE,TRUE
M110000US3933292089,2024,Licking,Hanover,Village,RPC,RPC,FALSE,TRUE
M110000US390893389499999,2024,Licking,Harrison,Township,RPC,RPC,FALSE,TRUE
M110000US390893418899999,2024,Licking,Hartford,Township,RPC,RPC,FALSE,TRUE
M110000US3934202089,2024,Licking,Hartford,Village,RPC,RPC,FALSE,TRUE
M110000US3934748089,2024,Licking,Heath,City,RPC,RPC,TRUE,TRUE
M110000US3934790089,2024,Licking,Hebron,Village,RPC,RPC,TRUE,TRUE
M110000US390893631699999,2024,Licking,Hopewell,Township,RPC,RPC,FALSE,TRUE
M110000US390893910299999,2024,Licking,Jersey,Township,RPC,RPC,FALSE,TRUE
M110000US3939340089,2024,Licking,Johnstown,City,RPC,RPC,TRUE,TRUE
M110000US3940572089,2024,Licking,Kirkersville,Village,RPC,RPC,FALSE,TRUE
M110000US390894323299999,2024,Licking,Liberty,Township,RPC,RPC,FALSE,TRUE
M110000US390894345699999,2024,Licking,Licking,Township,RPC,RPC,FALSE,TRUE
M110000US390894650899999,2024,Licking,Madison,Township,RPC,RPC,FALSE,TRUE
M110000US390894813299999,2024,Licking,Mary Ann,Township,RPC,RPC,FALSE,TRUE
M110000US390894611699999,2024,Licking,McKean,Township,RPC,RPC,FALSE,TRUE
M110000US390895145099999,2024,Licking,Monroe,Township,RPC,RPC,FALSE,TRUE
M110000US3953970089,2024,Licking,New Albany,City,MPO,MPO,TRUE,TRUE
M110000US3954040089,2024,Licking,Newark,City,RPC,RPC,TRUE,TRUE
M110000US390895405499999,2024,Licking,Newark,Township,RPC,RPC,FALSE,TRUE
M110000US390895558099999,2024,Licking,Newton,Township,RPC,RPC,FALSE,TRUE
M110000US3961112089,2024,Licking,Pataskala,City,MPO,MPO,TRUE,TRUE
M110000US390896192499999,2024,Licking,Perry,Township,RPC,RPC,FALSE,TRUE
M110000US3966390089,2024,Licking,Reynoldsburg,City,MPO,MPO,TRUE,TRUE
M110000US390896945699999,2024,Licking,St. Albans,Township,RPC,RPC,FALSE,TRUE
M110000US3969652089,2024,Licking,St. Louisville,Village,RPC,RPC,FALSE,TRUE
M110000US390897840099999,2024,Licking,Union,Township,RPC,RPC,FALSE,TRUE
M110000US3979114089,2024,Licking,Utica,Village,RPC,RPC,FALSE,TRUE
M110000US390898141099999,2024,Licking,Washington,Township,RPC,RPC,FALSE,TRUE
M110000US3905116091,2024,Logan,Belle Center,Village,RPC,RPC,FALSE,TRUE
M110000US3905130091,2024,Logan,Bellefontaine,City,RPC,RPC,TRUE,TRUE
M110000US390910711899999,2024,Logan,Bloomfield,Township,RPC,RPC,FALSE,TRUE
M110000US390910755299999,2024,Logan,Bokescreek,Township,RPC,RPC,FALSE,TRUE
M110000US3921378091,2024,Logan,De Graff,Village,RPC,RPC,FALSE,TRUE
M110000US390913390899999,2024,Logan,Harrison,Township,RPC,RPC,FALSE,TRUE
M110000US3936988091,2024,Logan,Huntsville,Village,RPC,RPC,FALSE,TRUE
M110000US390913868299999,2024,Logan,Jefferson,Township,RPC,RPC,FALSE,TRUE
M110000US390914128699999,2024,Logan,Lake,Township,RPC,RPC,FALSE,TRUE
M110000US3941608091,2024,Logan,Lakeview,Village,RPC,RPC,FALSE,TRUE
M110000US390914324699999,2024,Logan,Liberty,Township,RPC,RPC,FALSE,TRUE
M110000US390914568299999,2024,Logan,McArthur,Township,RPC,RPC,FALSE,TRUE
M110000US390914937899999,2024,Logan,Miami,Township,RPC,RPC,FALSE,TRUE
M110000US390915146499999,2024,Logan,Monroe,Township,RPC,RPC,FALSE,TRUE
M110000US390916193899999,2024,Logan,Perry,Township,RPC,RPC,FALSE,TRUE
M110000US390916332499999,2024,Logan,Pleasant,Township,RPC,RPC,FALSE,TRUE
M110000US3965200091,2024,Logan,Quincy,Village,RPC,RPC,FALSE,TRUE
M110000US390916674099999,2024,Logan,Richland,Township,RPC,RPC,FALSE,TRUE
M110000US3967118091,2024,Logan,Ridgeway,Village,RPC,RPC,FALSE,TRUE
M110000US390916913499999,2024,Logan,Rushcreek,Township,RPC,RPC,FALSE,TRUE
M110000US3969176091,2024,Logan,Rushsylvania,Village,RPC,RPC,FALSE,TRUE
M110000US3969302091,2024,Logan,Russells Point,Village,RPC,RPC,FALSE,TRUE
M110000US390917478099999,2024,Logan,Stokes,Township,RPC,RPC,FALSE,TRUE
M110000US390917841499999,2024,Logan,Union,Township,RPC,RPC,FALSE,TRUE
M110000US3979226091,2024,Logan,Valley Hi,Village,RPC,RPC,FALSE,TRUE
M110000US390918142499999,2024,Logan,Washington,Township,RPC,RPC,FALSE,TRUE
M110000US3983734091,2024,Logan,West Liberty,Village,RPC,RPC,FALSE,TRUE
M110000US3983818091,2024,Logan,West Mansfield,Village,RPC,RPC,FALSE,TRUE
M110000US390918804299999,2024,Logan,Zane,Township,RPC,RPC,FALSE,TRUE
M110000US3988070091,2024,Logan,Zanesfield,Village,RPC,RPC,FALSE,TRUE
M110000US390971123499999,2024,Madison,Canaan,Township,RPC,CORPO,FALSE,TRUE
M110000US390972014299999,2024,Madison,Darby,Township,RPC,CORPO,FALSE,TRUE
M110000US390972115499999,2024,Madison,Deer Creek,Township,RPC,CORPO,FALSE,TRUE
M110000US390972606899999,2024,Madison,Fairfield,Township,RPC,CORPO,FALSE,TRUE
M110000US390973869699999,2024,Madison,Jefferson,Township,RPC,CORPO,FALSE,TRUE
M110000US3944674097,2024,Madison,London,City,RPC,CORPO,TRUE,TRUE
M110000US3950008097,2024,Madison,Midway,Village,RPC,CORPO,FALSE,TRUE
M110000US390975147899999,2024,Madison,Monroe,Township,RPC,CORPO,FALSE,TRUE
M110000US3953046097,2024,Madison,Mount Sterling,Village,RPC,CORPO,TRUE,TRUE
M110000US390975770899999,2024,Madison,Oak Run,Township,RPC,CORPO,FALSE,TRUE
M110000US390975952899999,2024,Madison,Paint,Township,RPC,CORPO,FALSE,TRUE
M110000US390976266699999,2024,Madison,Pike,Township,RPC,CORPO,FALSE,TRUE
M110000US3963030097,2024,Madison,Plain City,Village,RPC,CORPO,TRUE,TRUE
M110000US390976333899999,2024,Madison,Pleasant,Township,RPC,CORPO,FALSE,TRUE
M110000US390976548099999,2024,Madison,Range,Township,RPC,CORPO,FALSE,TRUE
M110000US390977296099999,2024,Madison,Somerford,Township,RPC,CORPO,FALSE,TRUE
M110000US3973768097,2024,Madison,South Solon,Village,RPC,CORPO,FALSE,TRUE
M110000US390977478499999,2024,Madison,Stokes,Township,RPC,CORPO,FALSE,TRUE
M110000US390977842899999,2024,Madison,Union,Township,RPC,CORPO,FALSE,TRUE
M110000US3983580097,2024,Madison,West Jefferson,Village,RPC,CORPO,TRUE,TRUE
M110000US391010634899999,2024,Marion,Big Island,Township,RPC,CORPO,FALSE,TRUE
M110000US391010795899999,2024,Marion,Bowling Green,Township,RPC,CORPO,FALSE,TRUE
M110000US3910954101,2024,Marion,Caledonia,Village,RPC,CORPO,FALSE,TRUE
M110000US391011519699999,2024,Marion,Claridon,Township,RPC,CORPO,FALSE,TRUE
M110000US391013117899999,2024,Marion,Grand,Township,RPC,CORPO,FALSE,TRUE
M110000US391013119299999,2024,Marion,Grand Prairie,Township,RPC,CORPO,FALSE,TRUE
M110000US391013196299999,2024,Marion,Green Camp,Township,RPC,CORPO,FALSE,TRUE
M110000US3931948101,2024,Marion,Green Camp,Village,RPC,CORPO,FALSE,TRUE
M110000US3941902101,2024,Marion,La Rue,Village,RPC,CORPO,FALSE,TRUE
M110000US3947754101,2024,Marion,Marion,City,RPC,CORPO,FALSE,TRUE
M110000US391014776899999,2024,Marion,Marion,Township,RPC,CORPO,FALSE,TRUE
M110000US391015173099999,2024,Marion,Montgomery,Township,RPC,CORPO,FALSE,TRUE
M110000US3952276101,2024,Marion,Morral,Village,RPC,CORPO,FALSE,TRUE
M110000US3954152101,2024,Marion,New Bloomington,Village,RPC,CORPO,FALSE,TRUE
M110000US391016335299999,2024,Marion,Pleasant,Township,RPC,CORPO,FALSE,TRUE
M110000US391016479499999,2024,Marion,Prospect,Township,RPC,CORPO,FALSE,TRUE
M110000US3964780101,2024,Marion,Prospect,Village,RPC,CORPO,FALSE,TRUE
M110000US391016675499999,2024,Marion,Richland,Township,RPC,CORPO,FALSE,TRUE
M110000US391017024099999,2024,Marion,Salt Rock,Township,RPC,CORPO,FALSE,TRUE
M110000US391017107399999,2024,Marion,Scott,Township,RPC,CORPO,FALSE,TRUE
M110000US391017774299999,2024,Marion,Tully,Township,RPC,CORPO,FALSE,TRUE
M110000US391018051499999,2024,Marion,Waldo,Township,RPC,CORPO,FALSE,TRUE
M110000US3980500101,2024,Marion,Waldo,Village,RPC,CORPO,FALSE,TRUE
M110000US391170550899999,2024,Morrow,Bennington,Township,RPC,CORPO,FALSE,TRUE
M110000US391171124899999,2024,Morrow,Canaan,Township,RPC,CORPO,FALSE,TRUE
M110000US391171209899999,2024,Morrow,Cardington,Township,RPC,CORPO,FALSE,TRUE
M110000US3912084117,2024,Morrow,Cardington,Village,RPC,CORPO,FALSE,TRUE
M110000US391171403099999,2024,Morrow,Chester,Township,RPC,CORPO,FALSE,TRUE
M110000US3914114117,2024,Morrow,Chesterville,Village,RPC,CORPO,FALSE,TRUE
M110000US391171829499999,2024,Morrow,Congress,Township,RPC,CORPO,FALSE,TRUE
M110000US3924598117,2024,Morrow,Edison,Village,RPC,CORPO,FALSE,TRUE
M110000US391172837899999,2024,Morrow,Franklin,Township,RPC,CORPO,FALSE,TRUE
M110000US3929050117,2024,Morrow,Fulton,Village,RPC,CORPO,FALSE,TRUE
M110000US3929162117,2024,Morrow,Galion,City,RPC,CORPO,FALSE,TRUE
M110000US391173012899999,2024,Morrow,Gilead,Township,RPC,CORPO,FALSE,TRUE
M110000US391173360099999,2024,Morrow,Harmony,Township,RPC,CORPO,FALSE,TRUE
M110000US391174368099999,2024,Morrow,Lincoln,Township,RPC,CORPO,FALSE,TRUE
M110000US3947558117,2024,Morrow,Marengo,Village,RPC,CORPO,FALSE,TRUE
M110000US3952738117,2024,Morrow,Mount Gilead,Village,RPC,CORPO,FALSE,TRUE
M110000US391175622499999,2024,Morrow,North Bloomfield,Township,RPC,CORPO,FALSE,TRUE
M110000US391176198099999,2024,Morrow,Perry,Township,RPC,CORPO,FALSE,TRUE
M110000US391176226099999,2024,Morrow,Peru,Township,RPC,CORPO,FALSE,TRUE
M110000US391177306199999,2024,Morrow,South Bloomfield,Township,RPC,CORPO,FALSE,TRUE
M110000US3973950117,2024,Morrow,Sparta,Village,RPC,CORPO,FALSE,TRUE
M110000US391177760299999,2024,Morrow,Troy,Township,RPC,CORPO,FALSE,TRUE
M110000US391178150899999,2024,Morrow,Washington,Township,RPC,CORPO,FALSE,TRUE
M110000US391178345499999,2024,Morrow,Westfield,Township,RPC,CORPO,FALSE,TRUE
M110000US391270458499999,2024,Perry,Bearfield,Township,RPC,RPC,FALSE,TRUE
M110000US391271565899999,2024,Perry,Clayton,Township,RPC,RPC,FALSE,TRUE
M110000US391271635099999,2024,Perry,Coal,Township,RPC,RPC,FALSE,TRUE
M110000US3918770127,2024,Perry,Corning,Village,RPC,RPC,FALSE,TRUE
M110000US3919456127,2024,Perry,Crooksville,Village,RPC,RPC,FALSE,TRUE
M110000US3930436127,2024,Perry,Glenford,Village,RPC,RPC,FALSE,TRUE
M110000US391273396499999,2024,Perry,Harrison,Township,RPC,RPC,FALSE,TRUE
M110000US3934888127,2024,Perry,Hemlock,Village,RPC,RPC,FALSE,TRUE
M110000US391273638699999,2024,Perry,Hopewell,Township,RPC,RPC,FALSE,TRUE
M110000US391273796899999,2024,Perry,Jackson,Township,RPC,RPC,FALSE,TRUE
M110000US3939508127,2024,Perry,Junction City,Village,RPC,RPC,FALSE,TRUE
M110000US391274655099999,2024,Perry,Madison,Township,RPC,RPC,FALSE,TRUE
M110000US391275119899999,2024,Perry,Monday Creek,Township,RPC,RPC,FALSE,TRUE
M110000US391275152099999,2024,Perry,Monroe,Township,RPC,RPC,FALSE,TRUE
M110000US3954866127,2024,Perry,New Lexington,Village,RPC,RPC,TRUE,TRUE
M110000US3955552127,2024,Perry,New Straitsville,Village,RPC,RPC,FALSE,TRUE
M110000US391276268099999,2024,Perry,Pike,Township,RPC,RPC,FALSE,TRUE
M110000US391276336699999,2024,Perry,Pleasant,Township,RPC,RPC,FALSE,TRUE
M110000US391276576099999,2024,Perry,Reading,Township,RPC,RPC,FALSE,TRUE
M110000US3966222127,2024,Perry,Rendville,Village,RPC,RPC,FALSE,TRUE
M110000US3968560127,2024,Perry,Roseville,Village,RPC,RPC,FALSE,TRUE
M110000US391277022699999,2024,Perry,Salt Lick,Township,RPC,RPC,FALSE,TRUE
M110000US3971962127,2024,Perry,Shawnee,Village,RPC,RPC,FALSE,TRUE
M110000US3972977127,2024,Perry,Somerset,Village,RPC,RPC,TRUE,TRUE
M110000US391277665999999,2024,Perry,Thorn,Township,RPC,RPC,FALSE,TRUE
M110000US3976680127,2024,Perry,Thornville,Village,RPC,RPC,FALSE,TRUE
M110000US3902680129,2024,Pickaway,Ashville,Village,RPC,CORPO,TRUE,FALSE
M110000US3915070129,2024,Pickaway,Circleville,City,RPC,CORPO,TRUE,FALSE
M110000US391291507799999,2024,Pickaway,Circleville,Township,RPC,CORPO,FALSE,FALSE
M110000US3918070129,2024,Pickaway,Commercial Point,Village,RPC,CORPO,FALSE,FALSE
M110000US391292015699999,2024,Pickaway,Darby,Township,RPC,CORPO,FALSE,FALSE
M110000US3920212129,2024,Pickaway,Darbyville,Village,RPC,CORPO,FALSE,FALSE
M110000US391292116899999,2024,Pickaway,Deercreek,Township,RPC,CORPO,FALSE,FALSE
M110000US3933740129,2024,Pickaway,Harrisburg,Village,RPC,CORPO,FALSE,FALSE
M110000US391293397899999,2024,Pickaway,Harrison,Township,RPC,CORPO,FALSE,FALSE
M110000US391293798299999,2024,Pickaway,Jackson,Township,RPC,CORPO,FALSE,FALSE
M110000US3944310129,2024,Pickaway,Lockbourne,Village,RPC,CORPO,TRUE,FALSE
M110000US391294656499999,2024,Pickaway,Madison,Township,RPC,CORPO,FALSE,FALSE
M110000US391295153499999,2024,Pickaway,Monroe,Township,RPC,CORPO,FALSE,FALSE
M110000US391295325699999,2024,Pickaway,Muhlenberg,Township,RPC,CORPO,FALSE,FALSE
M110000US3954726129,2024,Pickaway,New Holland,Village,RPC,CORPO,FALSE,FALSE
M110000US391296200899999,2024,Pickaway,Perry,Township,RPC,CORPO,FALSE,FALSE
M110000US391296248499999,2024,Pickaway,Pickaway,Township,RPC,CORPO,FALSE,FALSE
M110000US391297018499999,2024,Pickaway,Saltcreek,Township,RPC,CORPO,FALSE,FALSE
M110000US391297087099999,2024,Pickaway,Scioto,Township,RPC,CORPO,FALSE,FALSE
M110000US3973068129,2024,Pickaway,South Bloomfield,Village,RPC,CORPO,TRUE,FALSE
M110000US3976148129,2024,Pickaway,Tarlton,Village,RPC,CORPO,FALSE,FALSE
M110000US391298059899999,2024,Pickaway,Walnut,Township,RPC,CORPO,FALSE,FALSE
M110000US391298155099999,2024,Pickaway,Washington,Township,RPC,CORPO,FALSE,FALSE
M110000US391298226499999,2024,Pickaway,Wayne,Township,RPC,CORPO,FALSE,FALSE
M110000US3985414129,2024,Pickaway,Williamsport,Village,RPC,CORPO,FALSE,FALSE
M110000US3900450141,2024,Ross,Adelphi,Village,RPC,RPC,FALSE,FALSE
M110000US3903604141,2024,Ross,Bainbridge,Village,RPC,RPC,FALSE,FALSE
M110000US391411001699999,2024,Ross,Buckskin,Township,RPC,RPC,FALSE,FALSE
M110000US3914184141,2024,Ross,Chillicothe,City,RPC,RPC,TRUE,FALSE
M110000US3915336141,2024,Ross,Clarksburg,Village,RPC,RPC,FALSE,FALSE
M110000US391411663099999,2024,Ross,Colerain,Township,RPC,RPC,FALSE,FALSE
M110000US391411823899999,2024,Ross,Concord,Township,RPC,RPC,FALSE,FALSE
M110000US391412122499999,2024,Ross,Deerfield,Township,RPC,RPC,FALSE,FALSE
M110000US3928182141,2024,Ross,Frankfort,Village,RPC,RPC,FALSE,FALSE
M110000US391412842099999,2024,Ross,Franklin,Township,RPC,RPC,FALSE,FALSE
M110000US391413182299999,2024,Ross,Green,Township,RPC,RPC,FALSE,FALSE
M110000US3932088141,2024,Ross,Greenfield,Village,RPC,RPC,FALSE,FALSE
M110000US391413400699999,2024,Ross,Harrison,Township,RPC,RPC,FALSE,FALSE
M110000US391413689099999,2024,Ross,Huntington,Township,RPC,RPC,FALSE,FALSE
M110000US391413880899999,2024,Ross,Jefferson,Township,RPC,RPC,FALSE,FALSE
M110000US3940376141,2024,Ross,Kingston,Village,RPC,RPC,FALSE,FALSE
M110000US391414330299999,2024,Ross,Liberty,Township,RPC,RPC,FALSE,FALSE
M110000US391415954299999,2024,Ross,Paint,Township,RPC,RPC,FALSE,FALSE
M110000US391416130899999,2024,Ross,Paxton,Township,RPC,RPC,FALSE,FALSE
M110000US391417089899999,2024,Ross,Scioto,Township,RPC,RPC,FALSE,FALSE
M110000US3973698141,2024,Ross,South Salem,Village,RPC,RPC,FALSE,FALSE
M110000US391417412999999,2024,Ross,Springfield,Township,RPC,RPC,FALSE,FALSE
M110000US391417800899999,2024,Ross,Twin,Township,RPC,RPC,FALSE,FALSE
M110000US391417854099999,2024,Ross,Union,Township,RPC,RPC,FALSE,FALSE
M110000US391590133699999,2024,Union,Allen,Township,RPC,CORPO,FALSE,TRUE
M110000US391591511299999,2024,Union,Claibourne,Township,RPC,CORPO,FALSE,TRUE
M110000US391592017099999,2024,Union,Darby,Township,RPC,CORPO,FALSE,TRUE
M110000US391592248499999,2024,Union,Dover,Township,RPC,CORPO,FALSE,TRUE
M110000US3922694159,2024,Union,Dublin,City,MPO,MPO,TRUE,TRUE
M110000US391593810899999,2024,Union,Jackson,Township,RPC,CORPO,FALSE,TRUE
M110000US391593904699999,2024,Union,Jerome,Township,MPO,MPO,TRUE,TRUE
M110000US391594249099999,2024,Union,Leesburg,Township,RPC,CORPO,FALSE,TRUE
M110000US391594335899999,2024,Union,Liberty,Township,RPC,CORPO,FALSE,TRUE
M110000US3946830159,2024,Union,Magnetic Springs,Village,RPC,CORPO,FALSE,TRUE
M110000US3948160159,2024,Union,Marysville,City,RPC,CORPO,TRUE,TRUE
M110000US3950218159,2024,Union,Milford Center,Village,RPC,CORPO,FALSE,TRUE
M110000US391595028899999,2024,Union,Millcreek,Township,RPC,CORPO,FALSE,TRUE
M110000US391595986499999,2024,Union,Paris,Township,RPC,CORPO,FALSE,TRUE
M110000US3963030159,2024,Union,Plain City,Village,RPC,CORPO,TRUE,TRUE
M110000US3966936159,2024,Union,Richwood,Village,RPC,CORPO,FALSE,TRUE
M110000US391597619499999,2024,Union,Taylor,Township,RPC,CORPO,FALSE,TRUE
M110000US391597858299999,2024,Union,Union,Township,RPC,CORPO,FALSE,TRUE
M110000US3978834159,2024,Union,Unionville Center,Village,RPC,CORPO,FALSE,TRUE
M110000US391598166299999,2024,Union,Washington,Township,RPC,CORPO,FALSE,TRUE
M110000US391598712299999,2024,Union,York,Township,RPC,CORPO,FALSE,TRUE
M110000US3902582041,2025,Delaware,Ashley,Village,MPO,MPO,FALSE,TRUE
M110000US390410577499999,2025,Delaware,Berkshire,Township,MPO,MPO,FALSE,TRUE
M110000US390410578899999,2025,Delaware,Berlin,Township,MPO,MPO,FALSE,TRUE
M110000US390410942899999,2025,Delaware,Brown,Township,MPO,MPO,FALSE,TRUE
M110000US3918000041,2025,Delaware,Columbus,City,MPO,MPO,TRUE,TRUE
M110000US390411814099999,2025,Delaware,Concord,Township,MPO,MPO,FALSE,TRUE
M110000US3921434041,2025,Delaware,Delaware,City,MPO,MPO,TRUE,TRUE
M110000US390412144899999,2025,Delaware,Delaware,Township,MPO,MPO,FALSE,TRUE
M110000US3922694041,2025,Delaware,Dublin,City,MPO,MPO,TRUE,TRUE
M110000US3929148041,2025,Delaware,Galena,Village,MPO,MPO,TRUE,TRUE
M110000US390412969499999,2025,Delaware,Genoa,Township,MPO,MPO,FALSE,TRUE
M110000US390413351699999,2025,Delaware,Harlem,Township,MPO,MPO,FALSE,TRUE
M110000US390414036299999,2025,Delaware,Kingston,Township,MPO,MPO,FALSE,TRUE
M110000US390414310699999,2025,Delaware,Liberty,Township,MPO,MPO,FALSE,TRUE
M110000US390414790899999,2025,Delaware,Marlboro,Township,MPO,MPO,FALSE,TRUE
M110000US390415861899999,2025,Delaware,Orange,Township,MPO,MPO,FALSE,TRUE
M110000US3958940041,2025,Delaware,Ostrander,Village,MPO,MPO,FALSE,TRUE
M110000US390415926299999,2025,Delaware,Oxford,Township,MPO,MPO,FALSE,TRUE
M110000US390416417899999,2025,Delaware,Porter,Township,MPO,MPO,FALSE,TRUE
M110000US3964486041,2025,Delaware,Powell,City,MPO,MPO,TRUE,TRUE
M110000US390416531299999,2025,Delaware,Radnor,Township,MPO,MPO,FALSE,TRUE
M110000US390417084299999,2025,Delaware,Scioto,Township,MPO,MPO,FALSE,TRUE
M110000US3971976041,2025,Delaware,Shawnee Hills,Village,MPO,MPO,TRUE,TRUE
M110000US3975602041,2025,Delaware,Sunbury,City,MPO,MPO,TRUE,TRUE
M110000US390417661799999,2025,Delaware,Thompson,Township,MPO,MPO,FALSE,TRUE
M110000US390417733699999,2025,Delaware,Trenton,Township,MPO,MPO,FALSE,TRUE
M110000US390417756099999,2025,Delaware,Troy,Township,MPO,MPO,FALSE,TRUE
M110000US3983342041,2025,Delaware,Westerville,City,MPO,MPO,TRUE,TRUE
M110000US390450163799999,2025,Fairfield,Amanda,Township,RPC,CORPO,FALSE,TRUE
M110000US3901630045,2025,Fairfield,Amanda,Village,RPC,CORPO,FALSE,TRUE
M110000US3903758045,2025,Fairfield,Baltimore,Village,RPC,CORPO,FALSE,TRUE
M110000US390450595699999,2025,Fairfield,Berne,Township,RPC,CORPO,FALSE,TRUE
M110000US390450695099999,2025,Fairfield,Bloom,Township,MPO,MPO,TRUE,TRUE
M110000US3908392045,2025,Fairfield,Bremen,Village,RPC,CORPO,FALSE,TRUE
M110000US3909890045,2025,Fairfield,Buckeye Lake,Village,RPC,CORPO,TRUE,TRUE
M110000US3911332045,2025,Fairfield,Canal Winchester,City,MPO,MPO,TRUE,TRUE
M110000US3912252045,2025,Fairfield,Carroll,Village,RPC,CORPO,FALSE,TRUE
M110000US390451568699999,2025,Fairfield,Clearcreek,Township,RPC,CORPO,FALSE,TRUE
M110000US3918000045,2025,Fairfield,Columbus,City,MPO,MPO,TRUE,TRUE
M110000US390453206099999,2025,Fairfield,Greenfield,Township,RPC,CORPO,FALSE,TRUE
M110000US390453581299999,2025,Fairfield,Hocking,Township,RPC,CORPO,FALSE,TRUE
M110000US3941720045,2025,Fairfield,Lancaster,City,RPC,CORPO,TRUE,TRUE
M110000US390454312099999,2025,Fairfield,Liberty,Township,RPC,CORPO,FALSE,TRUE
M110000US3944086045,2025,Fairfield,Lithopolis,Village,MPO,MPO,TRUE,TRUE
M110000US390454638299999,2025,Fairfield,Madison,Township,RPC,CORPO,FALSE,TRUE
M110000US3950400045,2025,Fairfield,Millersport,Village,RPC,CORPO,FALSE,TRUE
M110000US3962498045,2025,Fairfield,Pickerington,City,MPO,MPO,TRUE,TRUE
M110000US390456324099999,2025,Fairfield,Pleasant,Township,RPC,CORPO,FALSE,TRUE
M110000US3963716045,2025,Fairfield,Pleasantville,Village,RPC,CORPO,FALSE,TRUE
M110000US3966390045,2025,Fairfield,Reynoldsburg,City,MPO,MPO,TRUE,TRUE
M110000US390456668499999,2025,Fairfield,Richland,Township,RPC,CORPO,FALSE,TRUE
M110000US390456912099999,2025,Fairfield,Rush Creek,Township,RPC,CORPO,FALSE,TRUE
M110000US3969204045,2025,Fairfield,Rushville,Village,RPC,CORPO,FALSE,TRUE
M110000US3974916045,2025,Fairfield,Stoutsville,Village,RPC,CORPO,FALSE,TRUE
M110000US3975252045,2025,Fairfield,Sugar Grove,Village,RPC,CORPO,FALSE,TRUE
M110000US3976148045,2025,Fairfield,Tarlton,Village,RPC,CORPO,FALSE,TRUE
M110000US3976764045,2025,Fairfield,Thurston,Village,RPC,CORPO,FALSE,TRUE
M110000US390458020699999,2025,Fairfield,Violet,Township,MPO,MPO,TRUE,TRUE
M110000US390458057099999,2025,Fairfield,Walnut,Township,RPC,CORPO,FALSE,TRUE
M110000US3984182045,2025,Fairfield,West Rushville,Village,RPC,CORPO,FALSE,TRUE
M110000US3907188047,2025,Fayette,Bloomingburg,Village,RPC,RPC,FALSE,FALSE
M110000US390471815499999,2025,Fayette,Concord,Township,RPC,RPC,FALSE,FALSE
M110000US390473172499999,2025,Fayette,Green,Township,RPC,RPC,FALSE,FALSE
M110000US390473838899999,2025,Fayette,Jasper,Township,RPC,RPC,FALSE,FALSE
M110000US390473859899999,2025,Fayette,Jefferson,Township,RPC,RPC,FALSE,FALSE
M110000US3938920047,2025,Fayette,Jeffersonville,Village,RPC,RPC,FALSE,FALSE
M110000US390474639699999,2025,Fayette,Madison,Township,RPC,RPC,FALSE,FALSE
M110000US390474768499999,2025,Fayette,Marion,Township,RPC,RPC,FALSE,FALSE
M110000US3950316047,2025,Fayette,Milledgeville,Village,RPC,RPC,FALSE,FALSE
M110000US3954726047,2025,Fayette,New Holland,Village,RPC,RPC,FALSE,FALSE
M110000US3957918047,2025,Fayette,Octa,Village,RPC,RPC,FALSE,FALSE
M110000US390475948699999,2025,Fayette,Paint,Township,RPC,RPC,FALSE,FALSE
M110000US390476182699999,2025,Fayette,Perry,Township,RPC,RPC,FALSE,FALSE
M110000US390477831699999,2025,Fayette,Union,Township,RPC,RPC,FALSE,FALSE
M110000US3981718047,2025,Fayette,Washington Court House,City,RPC,RPC,FALSE,FALSE
M110000US390478216699999,2025,Fayette,Wayne,Township,RPC,RPC,FALSE,FALSE
M110000US3906278049,2025,Franklin,Bexley,City,MPO,MPO,TRUE,TRUE
M110000US390490692299999,2025,Franklin,Blendon,Township,MPO,MPO,TRUE,TRUE
M110000US3908532049,2025,Franklin,Brice,Village,MPO,MPO,FALSE,TRUE
M110000US390490944299999,2025,Franklin,Brown,Township,MPO,MPO,TRUE,TRUE
M110000US3911332049,2025,Franklin,Canal Winchester,City,MPO,MPO,TRUE,TRUE
M110000US390491611299999,2025,Franklin,Clinton,Township,MPO,MPO,TRUE,TRUE
M110000US3918000049,2025,Franklin,Columbus,City,MPO,MPO,TRUE,TRUE
M110000US3918070049,2025,Franklin,Commercial Point,Village,MPO,MPO,FALSE,TRUE
M110000US3922694049,2025,Franklin,Dublin,City,MPO,MPO,TRUE,TRUE
M110000US390492828099999,2025,Franklin,Franklin,Township,MPO,MPO,TRUE,TRUE
M110000US3929106049,2025,Franklin,Gahanna,City,MPO,MPO,TRUE,TRUE
M110000US3931304049,2025,Franklin,Grandview Heights,City,MPO,MPO,TRUE,TRUE
M110000US3932592049,2025,Franklin,Grove City,City,MPO,MPO,TRUE,TRUE
M110000US3932606049,2025,Franklin,Groveport,City,MPO,MPO,TRUE,TRUE
M110000US390493302699999,2025,Franklin,Hamilton,Township,MPO,MPO,FALSE,TRUE
M110000US3933740049,2025,Franklin,Harrisburg,Village,MPO,MPO,FALSE,TRUE
M110000US3935476049,2025,Franklin,Hilliard,City,MPO,MPO,TRUE,TRUE
M110000US390493777299999,2025,Franklin,Jackson,Township,MPO,MPO,TRUE,TRUE
M110000US390493861299999,2025,Franklin,Jefferson,Township,MPO,MPO,TRUE,TRUE
M110000US3944086049,2025,Franklin,Lithopolis,Village,MPO,MPO,TRUE,TRUE
M110000US3944310049,2025,Franklin,Lockbourne,Village,MPO,MPO,TRUE,TRUE
M110000US390494641099999,2025,Franklin,Madison,Township,MPO,MPO,TRUE,TRUE
M110000US3947474049,2025,Franklin,Marble Cliff,Village,MPO,MPO,TRUE,TRUE
M110000US390495006499999,2025,Franklin,Mifflin,Township,MPO,MPO,TRUE,TRUE
M110000US3950862049,2025,Franklin,Minerva Park,Village,MPO,MPO,TRUE,TRUE
M110000US3953970049,2025,Franklin,New Albany,City,MPO,MPO,TRUE,TRUE
M110000US390495734499999,2025,Franklin,Norwich,Township,MPO,MPO,FALSE,TRUE
M110000US3957862049,2025,Franklin,Obetz,City,MPO,MPO,TRUE,TRUE
M110000US390496184099999,2025,Franklin,Perry,Township,MPO,MPO,TRUE,TRUE
M110000US3962498049,2025,Franklin,Pickerington,City,MPO,MPO,TRUE,TRUE
M110000US390496297499999,2025,Franklin,Plain,Township,MPO,MPO,TRUE,TRUE
M110000US390496325499999,2025,Franklin,Pleasant,Township,MPO,MPO,FALSE,TRUE
M110000US390496457099999,2025,Franklin,Prairie,Township,MPO,MPO,TRUE,TRUE
M110000US3966390049,2025,Franklin,Reynoldsburg,City,MPO,MPO,TRUE,TRUE
M110000US3967440049,2025,Franklin,Riverlea,Village,MPO,MPO,TRUE,TRUE
M110000US390497178799999,2025,Franklin,Sharon,Township,MPO,MPO,FALSE,TRUE
M110000US390497771499999,2025,Franklin,Truro,Township,MPO,MPO,TRUE,TRUE
M110000US3979002049,2025,Franklin,Upper Arlington,City,MPO,MPO,TRUE,TRUE
M110000US3979100049,2025,Franklin,Urbancrest,Village,MPO,MPO,TRUE,TRUE
M110000US3979282049,2025,Franklin,Valleyview,Village,MPO,MPO,FALSE,TRUE
M110000US390498124299999,2025,Franklin,Washington,Township,MPO,MPO,TRUE,TRUE
M110000US3983342049,2025,Franklin,Westerville,City,MPO,MPO,TRUE,TRUE
M110000US3984742049,2025,Franklin,Whitehall,City,MPO,MPO,TRUE,TRUE
M110000US3986604049,2025,Franklin,Worthington,City,MPO,MPO,TRUE,TRUE
M110000US390730557899999,2025,Hocking,Benton,Township,RPC,RPC,FALSE,TRUE
M110000US3909834073,2025,Hocking,Buchtel,Village,RPC,RPC,FALSE,TRUE
M110000US390732648899999,2025,Hocking,Falls,Township,RPC,RPC,FALSE,TRUE
M110000US390733084299999,2025,Hocking,Good Hope,Township,RPC,RPC,FALSE,TRUE
M110000US390733178099999,2025,Hocking,Green,Township,RPC,RPC,FALSE,TRUE
M110000US390734205699999,2025,Hocking,Laurel,Township,RPC,RPC,FALSE,TRUE
M110000US3942084073,2025,Hocking,Laurelville,Village,RPC,RPC,FALSE,TRUE
M110000US3944632073,2025,Hocking,Logan,City,RPC,RPC,FALSE,TRUE
M110000US390734774099999,2025,Hocking,Marion,Township,RPC,RPC,FALSE,TRUE
M110000US3953410073,2025,Hocking,Murray City,Village,RPC,RPC,FALSE,TRUE
M110000US390736186899999,2025,Hocking,Perry,Township,RPC,RPC,FALSE,TRUE
M110000US390737014299999,2025,Hocking,Salt Creek,Township,RPC,RPC,FALSE,TRUE
M110000US390737440599999,2025,Hocking,Starr,Township,RPC,RPC,FALSE,TRUE
M110000US390738078099999,2025,Hocking,Ward,Township,RPC,RPC,FALSE,TRUE
M110000US390738135499999,2025,Hocking,Washington,Township,RPC,RPC,FALSE,TRUE
M110000US390830584499999,2025,Knox,Berlin,Township,RPC,CORPO,FALSE,TRUE
M110000US390830947099999,2025,Knox,Brown,Township,RPC,CORPO,FALSE,TRUE
M110000US390831059099999,2025,Knox,Butler,Township,RPC,CORPO,FALSE,TRUE
M110000US3913036083,2025,Knox,Centerburg,Village,RPC,CORPO,FALSE,TRUE
M110000US390831550499999,2025,Knox,Clay,Township,RPC,CORPO,FALSE,TRUE
M110000US390831614099999,2025,Knox,Clinton,Township,RPC,CORPO,FALSE,TRUE
M110000US390831668699999,2025,Knox,College,Township,RPC,CORPO,FALSE,TRUE
M110000US3920114083,2025,Knox,Danville,Village,RPC,CORPO,FALSE,TRUE
M110000US3928658083,2025,Knox,Fredericktown,Village,RPC,CORPO,FALSE,TRUE
M110000US3929246083,2025,Knox,Gambier,Village,RPC,CORPO,TRUE,TRUE
M110000US3929288083,2025,Knox,Gann,Village,RPC,CORPO,FALSE,TRUE
M110000US390833388099999,2025,Knox,Harrison,Township,RPC,CORPO,FALSE,TRUE
M110000US390833546299999,2025,Knox,Hilliar,Township,RPC,CORPO,FALSE,TRUE
M110000US390833652699999,2025,Knox,Howard,Township,RPC,CORPO,FALSE,TRUE
M110000US390833787099999,2025,Knox,Jackson,Township,RPC,CORPO,FALSE,TRUE
M110000US390833866899999,2025,Knox,Jefferson,Township,RPC,CORPO,FALSE,TRUE
M110000US390834321899999,2025,Knox,Liberty,Township,RPC,CORPO,FALSE,TRUE
M110000US3948090083,2025,Knox,Martinsburg,Village,RPC,CORPO,FALSE,TRUE
M110000US390834965899999,2025,Knox,Middlebury,Township,RPC,CORPO,FALSE,TRUE
M110000US390835020499999,2025,Knox,Milford,Township,RPC,CORPO,FALSE,TRUE
M110000US390835033099999,2025,Knox,Miller,Township,RPC,CORPO,FALSE,TRUE
M110000US390835143699999,2025,Knox,Monroe,Township,RPC,CORPO,FALSE,TRUE
M110000US390835210899999,2025,Knox,Morgan,Township,RPC,CORPO,FALSE,TRUE
M110000US390835229099999,2025,Knox,Morris,Township,RPC,CORPO,FALSE,TRUE
M110000US3953102083,2025,Knox,Mount Vernon,City,RPC,CORPO,TRUE,TRUE
M110000US390836265299999,2025,Knox,Pike,Township,RPC,CORPO,FALSE,TRUE
M110000US390836331099999,2025,Knox,Pleasant,Township,RPC,CORPO,FALSE,TRUE
M110000US390837835899999,2025,Knox,Union,Township,RPC,CORPO,FALSE,TRUE
M110000US3979114083,2025,Knox,Utica,Village,RPC,CORPO,FALSE,TRUE
M110000US390838219499999,2025,Knox,Wayne,Township,RPC,CORPO,FALSE,TRUE
M110000US3901154089,2025,Licking,Alexandria,Village,RPC,RPC,TRUE,TRUE
M110000US390890549499999,2025,Licking,Bennington,Township,RPC,RPC,FALSE,TRUE
M110000US390890794499999,2025,Licking,Bowling Green,Township,RPC,RPC,FALSE,TRUE
M110000US3909890089,2025,Licking,Buckeye Lake,Village,RPC,RPC,TRUE,TRUE
M110000US390891036699999,2025,Licking,Burlington,Township,RPC,RPC,FALSE,TRUE
M110000US390892433299999,2025,Licking,Eden,Township,RPC,RPC,FALSE,TRUE
M110000US390892569099999,2025,Licking,Etna,Township,MPO,MPO,TRUE,TRUE
M110000US390892653099999,2025,Licking,Fallsbury,Township,RPC,RPC,FALSE,TRUE
M110000US390892833699999,2025,Licking,Franklin,Township,RPC,RPC,FALSE,TRUE
M110000US390893141699999,2025,Licking,Granville,Township,RPC,RPC,TRUE,TRUE
M110000US3931402089,2025,Licking,Granville,Village,RPC,RPC,TRUE,TRUE
M110000US3931458089,2025,Licking,Gratiot,Village,RPC,RPC,FALSE,TRUE
M110000US390893329999999,2025,Licking,Hanover,Township,RPC,RPC,FALSE,TRUE
M110000US3933292089,2025,Licking,Hanover,Village,RPC,RPC,FALSE,TRUE
M110000US390893389499999,2025,Licking,Harrison,Township,RPC,RPC,FALSE,TRUE
M110000US390893418899999,2025,Licking,Hartford,Township,RPC,RPC,FALSE,TRUE
M110000US3934202089,2025,Licking,Hartford,Village,RPC,RPC,FALSE,TRUE
M110000US3934748089,2025,Licking,Heath,City,RPC,RPC,TRUE,TRUE
M110000US3934790089,2025,Licking,Hebron,Village,RPC,RPC,TRUE,TRUE
M110000US390893631699999,2025,Licking,Hopewell,Township,RPC,RPC,FALSE,TRUE
M110000US390893910299999,2025,Licking,Jersey,Township,RPC,RPC,FALSE,TRUE
M110000US3939340089,2025,Licking,Johnstown,City,MPO,MPO,TRUE,TRUE
M110000US3940572089,2025,Licking,Kirkersville,Village,RPC,RPC,FALSE,TRUE
M110000US390894323299999,2025,Licking,Liberty,Township,RPC,RPC,FALSE,TRUE
M110000US390894345699999,2025,Licking,Licking,Township,RPC,RPC,FALSE,TRUE
M110000US390894650899999,2025,Licking,Madison,Township,RPC,RPC,FALSE,TRUE
M110000US390894813299999,2025,Licking,Mary Ann,Township,RPC,RPC,FALSE,TRUE
M110000US390894611699999,2025,Licking,McKean,Township,RPC,RPC,FALSE,TRUE
M110000US390895145099999,2025,Licking,Monroe,Township,RPC,RPC,FALSE,TRUE
M110000US3953970089,2025,Licking,New Albany,City,MPO,MPO,TRUE,TRUE
M110000US3954040089,2025,Licking,Newark,City,RPC,RPC,TRUE,TRUE
M110000US390895405499999,2025,Licking,Newark,Township,RPC,RPC,FALSE,TRUE
M110000US390895558099999,2025,Licking,Newton,Township,RPC,RPC,FALSE,TRUE
M110000US3961112089,2025,Licking,Pataskala,City,MPO,MPO,TRUE,TRUE
M110000US390896192499999,2025,Licking,Perry,Township,RPC,RPC,FALSE,TRUE
M110000US3966390089,2025,Licking,Reynoldsburg,City,MPO,MPO,TRUE,TRUE
M110000US390896945699999,2025,Licking,St. Albans,Township,RPC,RPC,FALSE,TRUE
M110000US3969652089,2025,Licking,St. Louisville,Village,RPC,RPC,FALSE,TRUE
M110000US390897840099999,2025,Licking,Union,Township,RPC,RPC,FALSE,TRUE
M110000US3979114089,2025,Licking,Utica,Village,RPC,RPC,FALSE,TRUE
M110000US390898141099999,2025,Licking,Washington,Township,RPC,RPC,FALSE,TRUE
M110000US3905116091,2025,Logan,Belle Center,Village,RPC,RPC,FALSE,TRUE
M110000US3905130091,2025,Logan,Bellefontaine,City,RPC,RPC,TRUE,TRUE
M110000US390910711899999,2025,Logan,Bloomfield,Township,RPC,RPC,FALSE,TRUE
M110000US390910755299999,2025,Logan,Bokescreek,Township,RPC,RPC,FALSE,TRUE
M110000US3921378091,2025,Logan,De Graff,Village,RPC,RPC,FALSE,TRUE
M110000US390913390899999,2025,Logan,Harrison,Township,RPC,RPC,FALSE,TRUE
M110000US3936988091,2025,Logan,Huntsville,Village,RPC,RPC,FALSE,TRUE
M110000US390913868299999,2025,Logan,Jefferson,Township,RPC,RPC,FALSE,TRUE
M110000US390914128699999,2025,Logan,Lake,Township,RPC,RPC,FALSE,TRUE
M110000US3941608091,2025,Logan,Lakeview,Village,RPC,RPC,FALSE,TRUE
M110000US390914324699999,2025,Logan,Liberty,Township,RPC,RPC,FALSE,TRUE
M110000US390914568299999,2025,Logan,McArthur,Township,RPC,RPC,FALSE,TRUE
M110000US390914937899999,2025,Logan,Miami,Township,RPC,RPC,FALSE,TRUE
M110000US390915146499999,2025,Logan,Monroe,Township,RPC,RPC,FALSE,TRUE
M110000US390916193899999,2025,Logan,Perry,Township,RPC,RPC,FALSE,TRUE
M110000US390916332499999,2025,Logan,Pleasant,Township,RPC,RPC,FALSE,TRUE
M110000US3965200091,2025,Logan,Quincy,Village,RPC,RPC,FALSE,TRUE
M110000US390916674099999,2025,Logan,Richland,Township,RPC,RPC,FALSE,TRUE
M110000US3967118091,2025,Logan,Ridgeway,Village,RPC,RPC,FALSE,TRUE
M110000US390916913499999,2025,Logan,Rushcreek,Township,RPC,RPC,FALSE,TRUE
M110000US3969176091,2025,Logan,Rushsylvania,Village,RPC,RPC,FALSE,TRUE
M110000US3969302091,2025,Logan,Russells Point,Village,RPC,RPC,FALSE,TRUE
M110000US390917478099999,2025,Logan,Stokes,Township,RPC,RPC,FALSE,TRUE
M110000US390917841499999,2025,Logan,Union,Township,RPC,RPC,FALSE,TRUE
M110000US3979226091,2025,Logan,Valley Hi,Village,RPC,RPC,FALSE,TRUE
M110000US390918142499999,2025,Logan,Washington,Township,RPC,RPC,FALSE,TRUE
M110000US3983734091,2025,Logan,West Liberty,Village,RPC,RPC,FALSE,TRUE
M110000US3983818091,2025,Logan,West Mansfield,Village,RPC,RPC,FALSE,TRUE
M110000US390918804299999,2025,Logan,Zane,Township,RPC,RPC,FALSE,TRUE
M110000US3988070091,2025,Logan,Zanesfield,Village,RPC,RPC,FALSE,TRUE
M110000US390971123499999,2025,Madison,Canaan,Township,RPC,CORPO,FALSE,TRUE
M110000US390972014299999,2025,Madison,Darby,Township,RPC,CORPO,FALSE,TRUE
M110000US390972115499999,2025,Madison,Deer Creek,Township,RPC,CORPO,FALSE,TRUE
M110000US390972606899999,2025,Madison,Fairfield,Township,RPC,CORPO,FALSE,TRUE
M110000US390973869699999,2025,Madison,Jefferson,Township,RPC,CORPO,FALSE,TRUE
M110000US3944674097,2025,Madison,London,City,RPC,CORPO,TRUE,TRUE
M110000US3950008097,2025,Madison,Midway,Village,RPC,CORPO,FALSE,TRUE
M110000US390975147899999,2025,Madison,Monroe,Township,RPC,CORPO,FALSE,TRUE
M110000US3953046097,2025,Madison,Mount Sterling,Village,RPC,CORPO,TRUE,TRUE
M110000US390975770899999,2025,Madison,Oak Run,Township,RPC,CORPO,FALSE,TRUE
M110000US390975952899999,2025,Madison,Paint,Township,RPC,CORPO,FALSE,TRUE
M110000US390976266699999,2025,Madison,Pike,Township,RPC,CORPO,FALSE,TRUE
M110000US3963030097,2025,Madison,Plain City,Village,MPO,MPO,TRUE,TRUE
M110000US390976333899999,2025,Madison,Pleasant,Township,RPC,CORPO,FALSE,TRUE
M110000US390976548099999,2025,Madison,Range,Township,RPC,CORPO,FALSE,TRUE
M110000US390977296099999,2025,Madison,Somerford,Township,RPC,CORPO,FALSE,TRUE
M110000US3973768097,2025,Madison,South Solon,Village,RPC,CORPO,FALSE,TRUE
M110000US390977478499999,2025,Madison,Stokes,Township,RPC,CORPO,FALSE,TRUE
M110000US390977842899999,2025,Madison,Union,Township,RPC,CORPO,FALSE,TRUE
M110000US3983580097,2025,Madison,West Jefferson,Village,RPC,CORPO,TRUE,TRUE
M110000US391010634899999,2025,Marion,Big Island,Township,RPC,CORPO,FALSE,TRUE
M110000US391010795899999,2025,Marion,Bowling Green,Township,RPC,CORPO,FALSE,TRUE
M110000US3910954101,2025,Marion,Caledonia,Village,RPC,CORPO,FALSE,TRUE
M110000US391011519699999,2025,Marion,Claridon,Township,RPC,CORPO,FALSE,TRUE
M110000US391013117899999,2025,Marion,Grand,Township,RPC,CORPO,FALSE,TRUE
M110000US391013119299999,2025,Marion,Grand Prairie,Township,RPC,CORPO,FALSE,TRUE
M110000US391013196299999,2025,Marion,Green Camp,Township,RPC,CORPO,FALSE,TRUE
M110000US3931948101,2025,Marion,Green Camp,Village,RPC,CORPO,FALSE,TRUE
M110000US3941902101,2025,Marion,La Rue,Village,RPC,CORPO,FALSE,TRUE
M110000US3947754101,2025,Marion,Marion,City,RPC,CORPO,TRUE,TRUE
M110000US391014776899999,2025,Marion,Marion,Township,RPC,CORPO,FALSE,TRUE
M110000US391015173099999,2025,Marion,Montgomery,Township,RPC,CORPO,FALSE,TRUE
M110000US3952276101,2025,Marion,Morral,Village,RPC,CORPO,FALSE,TRUE
M110000US3954152101,2025,Marion,New Bloomington,Village,RPC,CORPO,FALSE,TRUE
M110000US391016335299999,2025,Marion,Pleasant,Township,RPC,CORPO,FALSE,TRUE
M110000US391016479499999,2025,Marion,Prospect,Township,RPC,CORPO,FALSE,TRUE
M110000US3964780101,2025,Marion,Prospect,Village,RPC,CORPO,FALSE,TRUE
M110000US391016675499999,2025,Marion,Richland,Township,RPC,CORPO,FALSE,TRUE
M110000US391017024099999,2025,Marion,Salt Rock,Township,RPC,CORPO,FALSE,TRUE
M110000US391017107399999,2025,Marion,Scott,Township,RPC,CORPO,FALSE,TRUE
M110000US391017774299999,2025,Marion,Tully,Township,RPC,CORPO,FALSE,TRUE
M110000US391018051499999,2025,Marion,Waldo,Township,RPC,CORPO,FALSE,TRUE
M110000US3980500101,2025,Marion,Waldo,Village,RPC,CORPO,FALSE,TRUE
M110000US391170550899999,2025,Morrow,Bennington,Township,RPC,CORPO,FALSE,TRUE
M110000US391171124899999,2025,Morrow,Canaan,Township,RPC,CORPO,FALSE,TRUE
M110000US391171209899999,2025,Morrow,Cardington,Township,RPC,CORPO,FALSE,TRUE
M110000US3912084117,2025,Morrow,Cardington,Village,RPC,CORPO,FALSE,TRUE
M110000US391171403099999,2025,Morrow,Chester,Township,RPC,CORPO,FALSE,TRUE
M110000US3914114117,2025,Morrow,Chesterville,Village,RPC,CORPO,FALSE,TRUE
M110000US391171829499999,2025,Morrow,Congress,Township,RPC,CORPO,FALSE,TRUE
M110000US3924598117,2025,Morrow,Edison,Village,RPC,CORPO,FALSE,TRUE
M110000US391172837899999,2025,Morrow,Franklin,Township,RPC,CORPO,FALSE,TRUE
M110000US3929050117,2025,Morrow,Fulton,Village,RPC,CORPO,FALSE,TRUE
M110000US3929162117,2025,Morrow,Galion,City,RPC,CORPO,FALSE,TRUE
M110000US391173012899999,2025,Morrow,Gilead,Township,RPC,CORPO,FALSE,TRUE
M110000US391173360099999,2025,Morrow,Harmony,Township,RPC,CORPO,FALSE,TRUE
M110000US391174368099999,2025,Morrow,Lincoln,Township,RPC,CORPO,FALSE,TRUE
M110000US3947558117,2025,Morrow,Marengo,Village,RPC,CORPO,FALSE,TRUE
M110000US3952738117,2025,Morrow,Mount Gilead,Village,RPC,CORPO,FALSE,TRUE
M110000US391175622499999,2025,Morrow,North Bloomfield,Township,RPC,CORPO,FALSE,TRUE
M110000US391176198099999,2025,Morrow,Perry,Township,RPC,CORPO,FALSE,TRUE
M110000US391176226099999,2025,Morrow,Peru,Township,RPC,CORPO,FALSE,TRUE
M110000US391177306199999,2025,Morrow,South Bloomfield,Township,RPC,CORPO,FALSE,TRUE
M110000US3973950117,2025,Morrow,Sparta,Village,RPC,CORPO,FALSE,TRUE
M110000US391177760299999,2025,Morrow,Troy,Township,RPC,CORPO,FALSE,TRUE
M110000US391178150899999,2025,Morrow,Washington,Township,RPC,CORPO,FALSE,TRUE
M110000US391178345499999,2025,Morrow,Westfield,Township,RPC,CORPO,FALSE,TRUE
M110000US391270458499999,2025,Perry,Bearfield,Township,RPC,RPC,FALSE,TRUE
M110000US391271565899999,2025,Perry,Clayton,Township,RPC,RPC,FALSE,TRUE
M110000US391271635099999,2025,Perry,Coal,Township,RPC,RPC,FALSE,TRUE
M110000US3918770127,2025,Perry,Corning,Village,RPC,RPC,FALSE,TRUE
M110000US3919456127,2025,Perry,Crooksville,Village,RPC,RPC,FALSE,TRUE
M110000US3930436127,2025,Perry,Glenford,Village,RPC,RPC,FALSE,TRUE
M110000US391273396499999,2025,Perry,Harrison,Township,RPC,RPC,FALSE,TRUE
M110000US3934888127,2025,Perry,Hemlock,Village,RPC,RPC,FALSE,TRUE
M110000US391273638699999,2025,Perry,Hopewell,Township,RPC,RPC,FALSE,TRUE
M110000US391273796899999,2025,Perry,Jackson,Township,RPC,RPC,FALSE,TRUE
M110000US3939508127,2025,Perry,Junction City,Village,RPC,RPC,FALSE,TRUE
M110000US391274655099999,2025,Perry,Madison,Township,RPC,RPC,FALSE,TRUE
M110000US391275119899999,2025,Perry,Monday Creek,Township,RPC,RPC,FALSE,TRUE
M110000US391275152099999,2025,Perry,Monroe,Township,RPC,RPC,FALSE,TRUE
M110000US3954866127,2025,Perry,New Lexington,Village,RPC,RPC,TRUE,TRUE
M110000US3955552127,2025,Perry,New Straitsville,Village,RPC,RPC,FALSE,TRUE
M110000US391276268099999,2025,Perry,Pike,Township,RPC,RPC,FALSE,TRUE
M110000US391276336699999,2025,Perry,Pleasant,Township,RPC,RPC,FALSE,TRUE
M110000US391276576099999,2025,Perry,Reading,Township,RPC,RPC,FALSE,TRUE
M110000US3966222127,2025,Perry,Rendville,Village,RPC,RPC,FALSE,TRUE
M110000US3968560127,2025,Perry,Roseville,Village,RPC,RPC,FALSE,TRUE
M110000US391277022699999,2025,Perry,Salt Lick,Township,RPC,RPC,FALSE,TRUE
M110000US3971962127,2025,Perry,Shawnee,Village,RPC,RPC,FALSE,TRUE
M110000US3972977127,2025,Perry,Somerset,Village,RPC,RPC,TRUE,TRUE
M110000US391277665999999,2025,Perry,Thorn,Township,RPC,RPC,FALSE,TRUE
M110000US3976680127,2025,Perry,Thornville,Village,RPC,RPC,FALSE,TRUE
M110000US3902680129,2025,Pickaway,Ashville,Village,RPC,CORPO,TRUE,FALSE
M110000US3915070129,2025,Pickaway,Circleville,City,RPC,CORPO,TRUE,FALSE
M110000US391291507799999,2025,Pickaway,Circleville,Township,RPC,CORPO,FALSE,FALSE
M110000US3918070129,2025,Pickaway,Commercial Point,Village,RPC,CORPO,FALSE,FALSE
M110000US391292015699999,2025,Pickaway,Darby,Township,RPC,CORPO,FALSE,FALSE
M110000US3920212129,2025,Pickaway,Darbyville,Village,RPC,CORPO,FALSE,FALSE
M110000US391292116899999,2025,Pickaway,Deercreek,Township,RPC,CORPO,FALSE,FALSE
M110000US3933740129,2025,Pickaway,Harrisburg,Village,RPC,CORPO,FALSE,FALSE
M110000US391293397899999,2025,Pickaway,Harrison,Township,RPC,CORPO,FALSE,FALSE
M110000US391293798299999,2025,Pickaway,Jackson,Township,RPC,CORPO,FALSE,FALSE
M110000US3944310129,2025,Pickaway,Lockbourne,Village,RPC,CORPO,TRUE,FALSE
M110000US391294656499999,2025,Pickaway,Madison,Township,RPC,CORPO,FALSE,FALSE
M110000US391295153499999,2025,Pickaway,Monroe,Township,RPC,CORPO,FALSE,FALSE
M110000US391295325699999,2025,Pickaway,Muhlenberg,Township,RPC,CORPO,FALSE,FALSE
M110000US3954726129,2025,Pickaway,New Holland,Village,RPC,CORPO,FALSE,FALSE
M110000US391296200899999,2025,Pickaway,Perry,Township,RPC,CORPO,FALSE,FALSE
M110000US391296248499999,2025,Pickaway,Pickaway,Township,RPC,CORPO,FALSE,FALSE
M110000US391297018499999,2025,Pickaway,Saltcreek,Township,RPC,CORPO,FALSE,FALSE
M110000US391297087099999,2025,Pickaway,Scioto,Township,RPC,CORPO,FALSE,FALSE
M110000US3973068129,2025,Pickaway,South Bloomfield,Village,RPC,CORPO,TRUE,FALSE
M110000US3976148129,2025,Pickaway,Tarlton,Village,RPC,CORPO,FALSE,FALSE
M110000US391298059899999,2025,Pickaway,Walnut,Township,RPC,CORPO,FALSE,FALSE
M110000US391298155099999,2025,Pickaway,Washington,Township,RPC,CORPO,FALSE,FALSE
M110000US391298226499999,2025,Pickaway,Wayne,Township,RPC,CORPO,FALSE,FALSE
M110000US3985414129,2025,Pickaway,Williamsport,Village,RPC,CORPO,FALSE,FALSE
M110000US3900450141,2025,Ross,Adelphi,Village,RPC,RPC,FALSE,FALSE
M110000US3903604141,2025,Ross,Bainbridge,Village,RPC,RPC,FALSE,FALSE
M110000US391411001699999,2025,Ross,Buckskin,Township,RPC,RPC,FALSE,FALSE
M110000US3914184141,2025,Ross,Chillicothe,City,RPC,RPC,TRUE,FALSE
M110000US3915336141,2025,Ross,Clarksburg,Village,RPC,RPC,FALSE,FALSE
M110000US391411663099999,2025,Ross,Colerain,Township,RPC,RPC,FALSE,FALSE
M110000US391411823899999,2025,Ross,Concord,Township,RPC,RPC,FALSE,FALSE
M110000US391412122499999,2025,Ross,Deerfield,Township,RPC,RPC,FALSE,FALSE
M110000US3928182141,2025,Ross,Frankfort,Village,RPC,RPC,FALSE,FALSE
M110000US391412842099999,2025,Ross,Franklin,Township,RPC,RPC,FALSE,FALSE
M110000US391413182299999,2025,Ross,Green,Township,RPC,RPC,FALSE,FALSE
M110000US3932088141,2025,Ross,Greenfield,Village,RPC,RPC,FALSE,FALSE
M110000US391413400699999,2025,Ross,Harrison,Township,RPC,RPC,FALSE,FALSE
M110000US391413689099999,2025,Ross,Huntington,Township,RPC,RPC,FALSE,FALSE
M110000US391413880899999,2025,Ross,Jefferson,Township,RPC,RPC,FALSE,FALSE
M110000US3940376141,2025,Ross,Kingston,Village,RPC,RPC,FALSE,FALSE
M110000US391414330299999,2025,Ross,Liberty,Township,RPC,RPC,FALSE,FALSE
M110000US391415954299999,2025,Ross,Paint,Township,RPC,RPC,FALSE,FALSE
M110000US391416130899999,2025,Ross,Paxton,Township,RPC,RPC,FALSE,FALSE
M110000US391417089899999,2025,Ross,Scioto,Township,RPC,RPC,FALSE,FALSE
M110000US3973698141,2025,Ross,South Salem,Village,RPC,RPC,FALSE,FALSE
M110000US391417412999999,2025,Ross,Springfield,Township,RPC,RPC,FALSE,FALSE
M110000US391417800899999,2025,Ross,Twin,Township,RPC,RPC,FALSE,FALSE
M110000US391417854099999,2025,Ross,Union,Township,RPC,RPC,FALSE,FALSE
M110000US391590133699999,2025,Union,Allen,Township,RPC,CORPO,FALSE,TRUE
M110000US391591511299999,2025,Union,Claibourne,Township,RPC,CORPO,FALSE,TRUE
M110000US391592017099999,2025,Union,Darby,Township,RPC,CORPO,FALSE,TRUE
M110000US391592248499999,2025,Union,Dover,Township,RPC,CORPO,FALSE,TRUE
M110000US3922694159,2025,Union,Dublin,City,MPO,MPO,TRUE,TRUE
M110000US391593810899999,2025,Union,Jackson,Township,RPC,CORPO,FALSE,TRUE
M110000US391593904699999,2025,Union,Jerome,Township,MPO,MPO,TRUE,TRUE
M110000US391594249099999,2025,Union,Leesburg,Township,RPC,CORPO,FALSE,TRUE
M110000US391594335899999,2025,Union,Liberty,Township,RPC,CORPO,FALSE,TRUE
M110000US3946830159,2025,Union,Magnetic Springs,Village,RPC,CORPO,FALSE,TRUE
M110000US3948160159,2025,Union,Marysville,City,RPC,CORPO,TRUE,TRUE
M110000US3950218159,2025,Union,Milford Center,Village,RPC,CORPO,FALSE,TRUE
M110000US391595028899999,2025,Union,Millcreek,Township,RPC,CORPO,FALSE,TRUE
M110000US391595986499999,2025,Union,Paris,Township,RPC,CORPO,FALSE,TRUE
M110000US3963030159,2025,Union,Plain City,Village,MPO,MPO,TRUE,TRUE
M110000US3966936159,2025,Union,Richwood,Village,RPC,CORPO,FALSE,TRUE
M110000US391597619499999,2025,Union,Taylor,Township,RPC,CORPO,FALSE,TRUE
M110000US391597858299999,2025,Union,Union,Township,RPC,CORPO,FALSE,TRUE
M110000US3978834159,2025,Union,Unionville Center,Village,RPC,CORPO,FALSE,TRUE
M110000US391598166299999,2025,Union,Washington,Township,RPC,CORPO,FALSE,TRUE
M110000US391598712299999,2025,Union,York,Township,RPC,CORPO,FALSE,TRUE
M110000US3902582041,2026,Delaware,Ashley,Village,MPO,MPO,FALSE,TRUE
M110000US390410577499999,2026,Delaware,Berkshire,Township,MPO,MPO,FALSE,TRUE
M110000US390410578899999,2026,Delaware,Berlin,Township,MPO,MPO,FALSE,TRUE
M110000US390410942899999,2026,Delaware,Brown,Township,MPO,MPO,FALSE,TRUE
M110000US3918000041,2026,Delaware,Columbus,City,MPO,MPO,TRUE,TRUE
M110000US390411814099999,2026,Delaware,Concord,Township,MPO,MPO,FALSE,TRUE
M110000US3921434041,2026,Delaware,Delaware,City,MPO,MPO,TRUE,TRUE
M110000US390412144899999,2026,Delaware,Delaware,Township,MPO,MPO,FALSE,TRUE
M110000US3922694041,2026,Delaware,Dublin,City,MPO,MPO,TRUE,TRUE
M110000US3929148041,2026,Delaware,Galena,Village,MPO,MPO,TRUE,TRUE
M110000US390412969499999,2026,Delaware,Genoa,Township,MPO,MPO,FALSE,TRUE
M110000US390413351699999,2026,Delaware,Harlem,Township,MPO,MPO,FALSE,TRUE
M110000US390414036299999,2026,Delaware,Kingston,Township,MPO,MPO,FALSE,TRUE
M110000US390414310699999,2026,Delaware,Liberty,Township,MPO,MPO,FALSE,TRUE
M110000US390414790899999,2026,Delaware,Marlboro,Township,MPO,MPO,FALSE,TRUE
M110000US390415861899999,2026,Delaware,Orange,Township,MPO,MPO,FALSE,TRUE
M110000US3958940041,2026,Delaware,Ostrander,Village,MPO,MPO,FALSE,TRUE
M110000US390415926299999,2026,Delaware,Oxford,Township,MPO,MPO,FALSE,TRUE
M110000US390416417899999,2026,Delaware,Porter,Township,MPO,MPO,FALSE,TRUE
M110000US3964486041,2026,Delaware,Powell,City,MPO,MPO,TRUE,TRUE
M110000US390416531299999,2026,Delaware,Radnor,Township,MPO,MPO,FALSE,TRUE
M110000US390417084299999,2026,Delaware,Scioto,Township,MPO,MPO,FALSE,TRUE
M110000US3971976041,2026,Delaware,Shawnee Hills,Village,MPO,MPO,TRUE,TRUE
M110000US3975602041,2026,Delaware,Sunbury,City,MPO,MPO,TRUE,TRUE
M110000US390417661799999,2026,Delaware,Thompson,Township,MPO,MPO,FALSE,TRUE
M110000US390417733699999,2026,Delaware,Trenton,Township,MPO,MPO,FALSE,TRUE
M110000US390417756099999,2026,Delaware,Troy,Township,MPO,MPO,FALSE,TRUE
M110000US3983342041,2026,Delaware,Westerville,City,MPO,MPO,TRUE,TRUE
M110000US390450163799999,2026,Fairfield,Amanda,Township,RPC,CORPO,FALSE,TRUE
M110000US3901630045,2026,Fairfield,Amanda,Village,RPC,CORPO,FALSE,TRUE
M110000US3903758045,2026,Fairfield,Baltimore,Village,RPC,CORPO,TRUE,TRUE
M110000US390450595699999,2026,Fairfield,Berne,Township,RPC,CORPO,FALSE,TRUE
M110000US390450695099999,2026,Fairfield,Bloom,Township,MPO,MPO,TRUE,TRUE
M110000US3908392045,2026,Fairfield,Bremen,Village,RPC,CORPO,FALSE,TRUE
M110000US3909890045,2026,Fairfield,Buckeye Lake,Village,RPC,CORPO,TRUE,TRUE
M110000US3911332045,2026,Fairfield,Canal Winchester,City,MPO,MPO,TRUE,TRUE
M110000US3912252045,2026,Fairfield,Carroll,Village,RPC,CORPO,FALSE,TRUE
M110000US390451568699999,2026,Fairfield,Clearcreek,Township,RPC,CORPO,FALSE,TRUE
M110000US3918000045,2026,Fairfield,Columbus,City,MPO,MPO,TRUE,TRUE
M110000US390453206099999,2026,Fairfield,Greenfield,Township,RPC,CORPO,FALSE,TRUE
M110000US390453581299999,2026,Fairfield,Hocking,Township,RPC,CORPO,FALSE,TRUE
M110000US3941720045,2026,Fairfield,Lancaster,City,RPC,CORPO,TRUE,TRUE
M110000US390454312099999,2026,Fairfield,Liberty,Township,RPC,CORPO,FALSE,TRUE
M110000US3944086045,2026,Fairfield,Lithopolis,Village,MPO,MPO,TRUE,TRUE
M110000US390454638299999,2026,Fairfield,Madison,Township,RPC,CORPO,FALSE,TRUE
M110000US3950400045,2026,Fairfield,Millersport,Village,RPC,CORPO,FALSE,TRUE
M110000US3962498045,2026,Fairfield,Pickerington,City,MPO,MPO,TRUE,TRUE
M110000US390456324099999,2026,Fairfield,Pleasant,Township,RPC,CORPO,FALSE,TRUE
M110000US3963716045,2026,Fairfield,Pleasantville,Village,RPC,CORPO,FALSE,TRUE
M110000US3966390045,2026,Fairfield,Reynoldsburg,City,MPO,MPO,TRUE,TRUE
M110000US390456668499999,2026,Fairfield,Richland,Township,RPC,CORPO,FALSE,TRUE
M110000US390456912099999,2026,Fairfield,Rush Creek,Township,RPC,CORPO,FALSE,TRUE
M110000US3969204045,2026,Fairfield,Rushville,Village,RPC,CORPO,FALSE,TRUE
M110000US3974916045,2026,Fairfield,Stoutsville,Village,RPC,CORPO,FALSE,TRUE
M110000US3975252045,2026,Fairfield,Sugar Grove,Village,RPC,CORPO,FALSE,TRUE
M110000US3976148045,2026,Fairfield,Tarlton,Village,RPC,CORPO,FALSE,TRUE
M110000US3976764045,2026,Fairfield,Thurston,Village,RPC,CORPO,FALSE,TRUE
M110000US390458020699999,2026,Fairfield,Violet,Township,MPO,MPO,TRUE,TRUE
M110000US390458057099999,2026,Fairfield,Walnut,Township,RPC,CORPO,FALSE,TRUE
M110000US3984182045,2026,Fairfield,West Rushville,Village,RPC,CORPO,FALSE,TRUE
M110000US3907188047,2026,Fayette,Bloomingburg,Village,RPC,RPC,FALSE,FALSE
M110000US390471815499999,2026,Fayette,Concord,Township,RPC,RPC,FALSE,FALSE
M110000US390473172499999,2026,Fayette,Green,Township,RPC,RPC,FALSE,FALSE
M110000US390473838899999,2026,Fayette,Jasper,Township,RPC,RPC,FALSE,FALSE
M110000US390473859899999,2026,Fayette,Jefferson,Township,RPC,RPC,FALSE,FALSE
M110000US3938920047,2026,Fayette,Jeffersonville,Village,RPC,RPC,FALSE,FALSE
M110000US390474639699999,2026,Fayette,Madison,Township,RPC,RPC,FALSE,FALSE
M110000US390474768499999,2026,Fayette,Marion,Township,RPC,RPC,FALSE,FALSE
M110000US3950316047,2026,Fayette,Milledgeville,Village,RPC,RPC,FALSE,FALSE
M110000US3954726047,2026,Fayette,New Holland,Village,RPC,RPC,FALSE,FALSE
M110000US3957918047,2026,Fayette,Octa,Village,RPC,RPC,FALSE,FALSE
M110000US390475948699999,2026,Fayette,Paint,Township,RPC,RPC,FALSE,FALSE
M110000US390476182699999,2026,Fayette,Perry,Township,RPC,RPC,FALSE,FALSE
M110000US390477831699999,2026,Fayette,Union,Township,RPC,RPC,FALSE,FALSE
M110000US3981718047,2026,Fayette,Washington Court House,City,RPC,RPC,FALSE,FALSE
M110000US390478216699999,2026,Fayette,Wayne,Township,RPC,RPC,FALSE,FALSE
M110000US3906278049,2026,Franklin,Bexley,City,MPO,MPO,TRUE,TRUE
M110000US390490692299999,2026,Franklin,Blendon,Township,MPO,MPO,TRUE,TRUE
M110000US3908532049,2026,Franklin,Brice,Village,MPO,MPO,FALSE,TRUE
M110000US390490944299999,2026,Franklin,Brown,Township,MPO,MPO,TRUE,TRUE
M110000US3911332049,2026,Franklin,Canal Winchester,City,MPO,MPO,TRUE,TRUE
M110000US390491611299999,2026,Franklin,Clinton,Township,MPO,MPO,TRUE,TRUE
M110000US3918000049,2026,Franklin,Columbus,City,MPO,MPO,TRUE,TRUE
M110000US3918070049,2026,Franklin,Commercial Point,Village,MPO,MPO,FALSE,TRUE
M110000US3922694049,2026,Franklin,Dublin,City,MPO,MPO,TRUE,TRUE
M110000US390492828099999,2026,Franklin,Franklin,Township,MPO,MPO,TRUE,TRUE
M110000US3929106049,2026,Franklin,Gahanna,City,MPO,MPO,TRUE,TRUE
M110000US3931304049,2026,Franklin,Grandview Heights,City,MPO,MPO,TRUE,TRUE
M110000US3932592049,2026,Franklin,Grove City,City,MPO,MPO,TRUE,TRUE
M110000US3932606049,2026,Franklin,Groveport,City,MPO,MPO,TRUE,TRUE
M110000US390493302699999,2026,Franklin,Hamilton,Township,MPO,MPO,FALSE,TRUE
M110000US3933740049,2026,Franklin,Harrisburg,Village,MPO,MPO,FALSE,TRUE
M110000US3935476049,2026,Franklin,Hilliard,City,MPO,MPO,TRUE,TRUE
M110000US390493777299999,2026,Franklin,Jackson,Township,MPO,MPO,TRUE,TRUE
M110000US390493861299999,2026,Franklin,Jefferson,Township,MPO,MPO,TRUE,TRUE
M110000US3944086049,2026,Franklin,Lithopolis,Village,MPO,MPO,TRUE,TRUE
M110000US3944310049,2026,Franklin,Lockbourne,Village,MPO,MPO,TRUE,TRUE
M110000US390494641099999,2026,Franklin,Madison,Township,MPO,MPO,TRUE,TRUE
M110000US3947474049,2026,Franklin,Marble Cliff,Village,MPO,MPO,TRUE,TRUE
M110000US390495006499999,2026,Franklin,Mifflin,Township,MPO,MPO,TRUE,TRUE
M110000US3950862049,2026,Franklin,Minerva Park,Village,MPO,MPO,TRUE,TRUE
M110000US3953970049,2026,Franklin,New Albany,City,MPO,MPO,TRUE,TRUE
M110000US390495734499999,2026,Franklin,Norwich,Township,MPO,MPO,FALSE,TRUE
M110000US3957862049,2026,Franklin,Obetz,City,MPO,MPO,TRUE,TRUE
M110000US390496184099999,2026,Franklin,Perry,Township,MPO,MPO,TRUE,TRUE
M110000US3962498049,2026,Franklin,Pickerington,City,MPO,MPO,TRUE,TRUE
M110000US390496297499999,2026,Franklin,Plain,Township,MPO,MPO,TRUE,TRUE
M110000US390496325499999,2026,Franklin,Pleasant,Township,MPO,MPO,FALSE,TRUE
M110000US390496457099999,2026,Franklin,Prairie,Township,MPO,MPO,TRUE,TRUE
M110000US3966390049,2026,Franklin,Reynoldsburg,City,MPO,MPO,TRUE,TRUE
M110000US3967440049,2026,Franklin,Riverlea,Village,MPO,MPO,TRUE,TRUE
M110000US390497178799999,2026,Franklin,Sharon,Township,MPO,MPO,FALSE,TRUE
M110000US390497771499999,2026,Franklin,Truro,Township,MPO,MPO,TRUE,TRUE
M110000US3979002049,2026,Franklin,Upper Arlington,City,MPO,MPO,TRUE,TRUE
M110000US3979100049,2026,Franklin,Urbancrest,Village,MPO,MPO,TRUE,TRUE
M110000US3979282049,2026,Franklin,Valleyview,Village,MPO,MPO,FALSE,TRUE
M110000US390498124299999,2026,Franklin,Washington,Township,MPO,MPO,TRUE,TRUE
M110000US3983342049,2026,Franklin,Westerville,City,MPO,MPO,TRUE,TRUE
M110000US3984742049,2026,Franklin,Whitehall,City,MPO,MPO,TRUE,TRUE
M110000US3986604049,2026,Franklin,Worthington,City,MPO,MPO,TRUE,TRUE
M110000US390730557899999,2026,Hocking,Benton,Township,RPC,RPC,FALSE,TRUE
M110000US3909834073,2026,Hocking,Buchtel,Village,RPC,RPC,FALSE,TRUE
M110000US390732648899999,2026,Hocking,Falls,Township,RPC,RPC,FALSE,TRUE
M110000US390733084299999,2026,Hocking,Good Hope,Township,RPC,RPC,FALSE,TRUE
M110000US390733178099999,2026,Hocking,Green,Township,RPC,RPC,FALSE,TRUE
M110000US390734205699999,2026,Hocking,Laurel,Township,RPC,RPC,FALSE,TRUE
M110000US3942084073,2026,Hocking,Laurelville,Village,RPC,RPC,FALSE,TRUE
M110000US3944632073,2026,Hocking,Logan,City,RPC,RPC,FALSE,TRUE
M110000US390734774099999,2026,Hocking,Marion,Township,RPC,RPC,FALSE,TRUE
M110000US3953410073,2026,Hocking,Murray City,Village,RPC,RPC,FALSE,TRUE
M110000US390736186899999,2026,Hocking,Perry,Township,RPC,RPC,FALSE,TRUE
M110000US390737014299999,2026,Hocking,Salt Creek,Township,RPC,RPC,FALSE,TRUE
M110000US390737440599999,2026,Hocking,Starr,Township,RPC,RPC,FALSE,TRUE
M110000US390738078099999,2026,Hocking,Ward,Township,RPC,RPC,FALSE,TRUE
M110000US390738135499999,2026,Hocking,Washington,Township,RPC,RPC,FALSE,TRUE
M110000US390830584499999,2026,Knox,Berlin,Township,RPC,CORPO,FALSE,TRUE
M110000US390830947099999,2026,Knox,Brown,Township,RPC,CORPO,FALSE,TRUE
M110000US390831059099999,2026,Knox,Butler,Township,RPC,CORPO,FALSE,TRUE
M110000US3913036083,2026,Knox,Centerburg,Village,RPC,CORPO,FALSE,TRUE
M110000US390831550499999,2026,Knox,Clay,Township,RPC,CORPO,FALSE,TRUE
M110000US390831614099999,2026,Knox,Clinton,Township,RPC,CORPO,FALSE,TRUE
M110000US390831668699999,2026,Knox,College,Township,RPC,CORPO,FALSE,TRUE
M110000US3920114083,2026,Knox,Danville,Village,RPC,CORPO,FALSE,TRUE
M110000US3928658083,2026,Knox,Fredericktown,Village,RPC,CORPO,FALSE,TRUE
M110000US3929246083,2026,Knox,Gambier,Village,RPC,CORPO,TRUE,TRUE
M110000US3929288083,2026,Knox,Gann,Village,RPC,CORPO,FALSE,TRUE
M110000US390833388099999,2026,Knox,Harrison,Township,RPC,CORPO,FALSE,TRUE
M110000US390833546299999,2026,Knox,Hilliar,Township,RPC,CORPO,FALSE,TRUE
M110000US390833652699999,2026,Knox,Howard,Township,RPC,CORPO,FALSE,TRUE
M110000US390833787099999,2026,Knox,Jackson,Township,RPC,CORPO,FALSE,TRUE
M110000US390833866899999,2026,Knox,Jefferson,Township,RPC,CORPO,FALSE,TRUE
M110000US390834321899999,2026,Knox,Liberty,Township,RPC,CORPO,FALSE,TRUE
M110000US3948090083,2026,Knox,Martinsburg,Village,RPC,CORPO,FALSE,TRUE
M110000US390834965899999,2026,Knox,Middlebury,Township,RPC,CORPO,FALSE,TRUE
M110000US390835020499999,2026,Knox,Milford,Township,RPC,CORPO,FALSE,TRUE
M110000US390835033099999,2026,Knox,Miller,Township,RPC,CORPO,FALSE,TRUE
M110000US390835143699999,2026,Knox,Monroe,Township,RPC,CORPO,FALSE,TRUE
M110000US390835210899999,2026,Knox,Morgan,Township,RPC,CORPO,FALSE,TRUE
M110000US390835229099999,2026,Knox,Morris,Township,RPC,CORPO,FALSE,TRUE
M110000US3953102083,2026,Knox,Mount Vernon,City,RPC,CORPO,TRUE,TRUE
M110000US390836265299999,2026,Knox,Pike,Township,RPC,CORPO,FALSE,TRUE
M110000US390836331099999,2026,Knox,Pleasant,Township,RPC,CORPO,FALSE,TRUE
M110000US390837835899999,2026,Knox,Union,Township,RPC,CORPO,FALSE,TRUE
M110000US3979114083,2026,Knox,Utica,Village,RPC,CORPO,FALSE,TRUE
M110000US390838219499999,2026,Knox,Wayne,Township,RPC,CORPO,FALSE,TRUE
M110000US3901154089,2026,Licking,Alexandria,Village,RPC,RPC,TRUE,TRUE
M110000US390890549499999,2026,Licking,Bennington,Township,RPC,RPC,FALSE,TRUE
M110000US390890794499999,2026,Licking,Bowling Green,Township,RPC,RPC,FALSE,TRUE
M110000US3909890089,2026,Licking,Buckeye Lake,Village,RPC,RPC,TRUE,TRUE
M110000US390891036699999,2026,Licking,Burlington,Township,RPC,RPC,FALSE,TRUE
M110000US390892433299999,2026,Licking,Eden,Township,RPC,RPC,FALSE,TRUE
M110000US390892569099999,2026,Licking,Etna,Township,MPO,MPO,TRUE,TRUE
M110000US390892653099999,2026,Licking,Fallsbury,Township,RPC,RPC,FALSE,TRUE
M110000US390892833699999,2026,Licking,Franklin,Township,RPC,RPC,FALSE,TRUE
M110000US390893141699999,2026,Licking,Granville,Township,RPC,RPC,TRUE,TRUE
M110000US3931402089,2026,Licking,Granville,Village,RPC,RPC,TRUE,TRUE
M110000US3931458089,2026,Licking,Gratiot,Village,RPC,RPC,FALSE,TRUE
M110000US390893329999999,2026,Licking,Hanover,Township,RPC,RPC,FALSE,TRUE
M110000US3933292089,2026,Licking,Hanover,Village,RPC,RPC,FALSE,TRUE
M110000US390893389499999,2026,Licking,Harrison,Township,RPC,RPC,FALSE,TRUE
M110000US390893418899999,2026,Licking,Hartford,Township,RPC,RPC,FALSE,TRUE
M110000US3934202089,2026,Licking,Hartford,Village,RPC,RPC,FALSE,TRUE
M110000US3934748089,2026,Licking,Heath,City,RPC,RPC,TRUE,TRUE
M110000US3934790089,2026,Licking,Hebron,Village,RPC,RPC,TRUE,TRUE
M110000US390893631699999,2026,Licking,Hopewell,Township,RPC,RPC,FALSE,TRUE
M110000US390893910299999,2026,Licking,Jersey,Township,RPC,RPC,FALSE,TRUE
M110000US3939340089,2026,Licking,Johnstown,City,MPO,MPO,TRUE,TRUE
M110000US3940572089,2026,Licking,Kirkersville,Village,RPC,RPC,FALSE,TRUE
M110000US390894323299999,2026,Licking,Liberty,Township,RPC,RPC,FALSE,TRUE
M110000US390894345699999,2026,Licking,Licking,Township,RPC,RPC,FALSE,TRUE
M110000US390894650899999,2026,Licking,Madison,Township,RPC,RPC,FALSE,TRUE
M110000US390894813299999,2026,Licking,Mary Ann,Township,RPC,RPC,FALSE,TRUE
M110000US390894611699999,2026,Licking,McKean,Township,RPC,RPC,FALSE,TRUE
M110000US390895145099999,2026,Licking,Monroe,Township,RPC,RPC,FALSE,TRUE
M110000US3953970089,2026,Licking,New Albany,City,MPO,MPO,TRUE,TRUE
M110000US3954040089,2026,Licking,Newark,City,RPC,RPC,TRUE,TRUE
M110000US390895405499999,2026,Licking,Newark,Township,RPC,RPC,FALSE,TRUE
M110000US390895558099999,2026,Licking,Newton,Township,RPC,RPC,FALSE,TRUE
M110000US3961112089,2026,Licking,Pataskala,City,MPO,MPO,TRUE,TRUE
M110000US390896192499999,2026,Licking,Perry,Township,RPC,RPC,FALSE,TRUE
M110000US3966390089,2026,Licking,Reynoldsburg,City,MPO,MPO,TRUE,TRUE
M110000US390896945699999,2026,Licking,St. Albans,Township,RPC,RPC,FALSE,TRUE
M110000US3969652089,2026,Licking,St. Louisville,Village,RPC,RPC,FALSE,TRUE
M110000US390897840099999,2026,Licking,Union,Township,RPC,RPC,FALSE,TRUE
M110000US3979114089,2026,Licking,Utica,Village,RPC,RPC,FALSE,TRUE
M110000US390898141099999,2026,Licking,Washington,Township,RPC,RPC,FALSE,TRUE
M110000US3905116091,2026,Logan,Belle Center,Village,RPC,RPC,FALSE,TRUE
M110000US3905130091,2026,Logan,Bellefontaine,City,RPC,RPC,TRUE,TRUE
M110000US390910711899999,2026,Logan,Bloomfield,Township,RPC,RPC,FALSE,TRUE
M110000US390910755299999,2026,Logan,Bokescreek,Township,RPC,RPC,FALSE,TRUE
M110000US3921378091,2026,Logan,De Graff,Village,RPC,RPC,FALSE,TRUE
M110000US390913390899999,2026,Logan,Harrison,Township,RPC,RPC,FALSE,TRUE
M110000US3936988091,2026,Logan,Huntsville,Village,RPC,RPC,FALSE,TRUE
M110000US390913868299999,2026,Logan,Jefferson,Township,RPC,RPC,FALSE,TRUE
M110000US390914128699999,2026,Logan,Lake,Township,RPC,RPC,FALSE,TRUE
M110000US3941608091,2026,Logan,Lakeview,Village,RPC,RPC,FALSE,TRUE
M110000US390914324699999,2026,Logan,Liberty,Township,RPC,RPC,FALSE,TRUE
M110000US390914568299999,2026,Logan,McArthur,Township,RPC,RPC,FALSE,TRUE
M110000US390914937899999,2026,Logan,Miami,Township,RPC,RPC,FALSE,TRUE
M110000US390915146499999,2026,Logan,Monroe,Township,RPC,RPC,FALSE,TRUE
M110000US390916193899999,2026,Logan,Perry,Township,RPC,RPC,FALSE,TRUE
M110000US390916332499999,2026,Logan,Pleasant,Township,RPC,RPC,FALSE,TRUE
M110000US3965200091,2026,Logan,Quincy,Village,RPC,RPC,FALSE,TRUE
M110000US390916674099999,2026,Logan,Richland,Township,RPC,RPC,FALSE,TRUE
M110000US3967118091,2026,Logan,Ridgeway,Village,RPC,RPC,FALSE,TRUE
M110000US390916913499999,2026,Logan,Rushcreek,Township,RPC,RPC,FALSE,TRUE
M110000US3969176091,2026,Logan,Rushsylvania,Village,RPC,RPC,FALSE,TRUE
M110000US3969302091,2026,Logan,Russells Point,Village,RPC,RPC,FALSE,TRUE
M110000US390917478099999,2026,Logan,Stokes,Township,RPC,RPC,FALSE,TRUE
M110000US390917841499999,2026,Logan,Union,Township,RPC,RPC,FALSE,TRUE
M110000US3979226091,2026,Logan,Valley Hi,Village,RPC,RPC,FALSE,TRUE
M110000US390918142499999,2026,Logan,Washington,Township,RPC,RPC,FALSE,TRUE
M110000US3983734091,2026,Logan,West Liberty,Village,RPC,RPC,FALSE,TRUE
M110000US3983818091,2026,Logan,West Mansfield,Village,RPC,RPC,FALSE,TRUE
M110000US390918804299999,2026,Logan,Zane,Township,RPC,RPC,FALSE,TRUE
M110000US3988070091,2026,Logan,Zanesfield,Village,RPC,RPC,FALSE,TRUE
M110000US390971123499999,2026,Madison,Canaan,Township,RPC,CORPO,FALSE,TRUE
M110000US390972014299999,2026,Madison,Darby,Township,RPC,CORPO,FALSE,TRUE
M110000US390972115499999,2026,Madison,Deer Creek,Township,RPC,CORPO,FALSE,TRUE
M110000US390972606899999,2026,Madison,Fairfield,Township,RPC,CORPO,FALSE,TRUE
M110000US390973869699999,2026,Madison,Jefferson,Township,RPC,CORPO,FALSE,TRUE
M110000US3944674097,2026,Madison,London,City,RPC,CORPO,TRUE,TRUE
M110000US3950008097,2026,Madison,Midway,Village,RPC,CORPO,FALSE,TRUE
M110000US390975147899999,2026,Madison,Monroe,Township,RPC,CORPO,FALSE,TRUE
M110000US3953046097,2026,Madison,Mount Sterling,Village,RPC,CORPO,TRUE,TRUE
M110000US390975770899999,2026,Madison,Oak Run,Township,RPC,CORPO,FALSE,TRUE
M110000US390975952899999,2026,Madison,Paint,Township,RPC,CORPO,FALSE,TRUE
M110000US390976266699999,2026,Madison,Pike,Township,RPC,CORPO,FALSE,TRUE
M110000US3963030097,2026,Madison,Plain City,Village,MPO,MPO,TRUE,TRUE
M110000US390976333899999,2026,Madison,Pleasant,Township,RPC,CORPO,FALSE,TRUE
M110000US390976548099999,2026,Madison,Range,Township,RPC,CORPO,FALSE,TRUE
M110000US390977296099999,2026,Madison,Somerford,Township,RPC,CORPO,FALSE,TRUE
M110000US3973768097,2026,Madison,South Solon,Village,RPC,CORPO,FALSE,TRUE
M110000US390977478499999,2026,Madison,Stokes,Township,RPC,CORPO,FALSE,TRUE
M110000US390977842899999,2026,Madison,Union,Township,RPC,CORPO,FALSE,TRUE
M110000US3983580097,2026,Madison,West Jefferson,Village,RPC,CORPO,TRUE,TRUE
M110000US391010634899999,2026,Marion,Big Island,Township,RPC,CORPO,FALSE,TRUE
M110000US391010795899999,2026,Marion,Bowling Green,Township,RPC,CORPO,FALSE,TRUE
M110000US3910954101,2026,Marion,Caledonia,Village,RPC,CORPO,FALSE,TRUE
M110000US391011519699999,2026,Marion,Claridon,Township,RPC,CORPO,FALSE,TRUE
M110000US391013117899999,2026,Marion,Grand,Township,RPC,CORPO,FALSE,TRUE
M110000US391013119299999,2026,Marion,Grand Prairie,Township,RPC,CORPO,FALSE,TRUE
M110000US391013196299999,2026,Marion,Green Camp,Township,RPC,CORPO,FALSE,TRUE
M110000US3931948101,2026,Marion,Green Camp,Village,RPC,CORPO,FALSE,TRUE
M110000US3941902101,2026,Marion,La Rue,Village,RPC,CORPO,FALSE,TRUE
M110000US3947754101,2026,Marion,Marion,City,RPC,CORPO,TRUE,TRUE
M110000US391014776899999,2026,Marion,Marion,Township,RPC,CORPO,FALSE,TRUE
M110000US391015173099999,2026,Marion,Montgomery,Township,RPC,CORPO,FALSE,TRUE
M110000US3952276101,2026,Marion,Morral,Village,RPC,CORPO,FALSE,TRUE
M110000US3954152101,2026,Marion,New Bloomington,Village,RPC,CORPO,FALSE,TRUE
M110000US391016335299999,2026,Marion,Pleasant,Township,RPC,CORPO,FALSE,TRUE
M110000US391016479499999,2026,Marion,Prospect,Township,RPC,CORPO,FALSE,TRUE
M110000US3964780101,2026,Marion,Prospect,Village,RPC,CORPO,FALSE,TRUE
M110000US391016675499999,2026,Marion,Richland,Township,RPC,CORPO,FALSE,TRUE
M110000US391017024099999,2026,Marion,Salt Rock,Township,RPC,CORPO,FALSE,TRUE
M110000US391017107399999,2026,Marion,Scott,Township,RPC,CORPO,FALSE,TRUE
M110000US391017774299999,2026,Marion,Tully,Township,RPC,CORPO,FALSE,TRUE
M110000US391018051499999,2026,Marion,Waldo,Township,RPC,CORPO,FALSE,TRUE
M110000US3980500101,2026,Marion,Waldo,Village,RPC,CORPO,FALSE,TRUE
M110000US391170550899999,2026,Morrow,Bennington,Township,RPC,CORPO,FALSE,TRUE
M110000US391171124899999,2026,Morrow,Canaan,Township,RPC,CORPO,FALSE,TRUE
M110000US391171209899999,2026,Morrow,Cardington,Township,RPC,CORPO,FALSE,TRUE
M110000US3912084117,2026,Morrow,Cardington,Village,RPC,CORPO,FALSE,TRUE
M110000US391171403099999,2026,Morrow,Chester,Township,RPC,CORPO,FALSE,TRUE
M110000US3914114117,2026,Morrow,Chesterville,Village,RPC,CORPO,FALSE,TRUE
M110000US391171829499999,2026,Morrow,Congress,Township,RPC,CORPO,FALSE,TRUE
M110000US3924598117,2026,Morrow,Edison,Village,RPC,CORPO,FALSE,TRUE
M110000US391172837899999,2026,Morrow,Franklin,Township,RPC,CORPO,FALSE,TRUE
M110000US3929050117,2026,Morrow,Fulton,Village,RPC,CORPO,FALSE,TRUE
M110000US3929162117,2026,Morrow,Galion,City,RPC,CORPO,FALSE,TRUE
M110000US391173012899999,2026,Morrow,Gilead,Township,RPC,CORPO,FALSE,TRUE
M110000US391173360099999,2026,Morrow,Harmony,Township,RPC,CORPO,FALSE,TRUE
M110000US391174368099999,2026,Morrow,Lincoln,Township,RPC,CORPO,FALSE,TRUE
M110000US3947558117,2026,Morrow,Marengo,Village,RPC,CORPO,FALSE,TRUE
M110000US3952738117,2026,Morrow,Mount Gilead,Village,RPC,CORPO,FALSE,TRUE
M110000US391175622499999,2026,Morrow,North Bloomfield,Township,RPC,CORPO,FALSE,TRUE
M110000US391176198099999,2026,Morrow,Perry,Township,RPC,CORPO,FALSE,TRUE
M110000US391176226099999,2026,Morrow,Peru,Township,RPC,CORPO,FALSE,TRUE
M110000US391177306199999,2026,Morrow,South Bloomfield,Township,RPC,CORPO,FALSE,TRUE
M110000US3973950117,2026,Morrow,Sparta,Village,RPC,CORPO,FALSE,TRUE
M110000US391177760299999,2026,Morrow,Troy,Township,RPC,CORPO,FALSE,TRUE
M110000US391178150899999,2026,Morrow,Washington,Township,RPC,CORPO,FALSE,TRUE
M110000US391178345499999,2026,Morrow,Westfield,Township,RPC,CORPO,FALSE,TRUE
M110000US391270458499999,2026,Perry,Bearfield,Township,RPC,RPC,FALSE,TRUE
M110000US391271565899999,2026,Perry,Clayton,Township,RPC,RPC,FALSE,TRUE
M110000US391271635099999,2026,Perry,Coal,Township,RPC,RPC,FALSE,TRUE
M110000US3918770127,2026,Perry,Corning,Village,RPC,RPC,FALSE,TRUE
M110000US3919456127,2026,Perry,Crooksville,Village,RPC,RPC,FALSE,TRUE
M110000US3930436127,2026,Perry,Glenford,Village,RPC,RPC,FALSE,TRUE
M110000US391273396499999,2026,Perry,Harrison,Township,RPC,RPC,FALSE,TRUE
M110000US3934888127,2026,Perry,Hemlock,Village,RPC,RPC,FALSE,TRUE
M110000US391273638699999,2026,Perry,Hopewell,Township,RPC,RPC,FALSE,TRUE
M110000US391273796899999,2026,Perry,Jackson,Township,RPC,RPC,FALSE,TRUE
M110000US3939508127,2026,Perry,Junction City,Village,RPC,RPC,FALSE,TRUE
M110000US391274655099999,2026,Perry,Madison,Township,RPC,RPC,FALSE,TRUE
M110000US391275119899999,2026,Perry,Monday Creek,Township,RPC,RPC,FALSE,TRUE
M110000US391275152099999,2026,Perry,Monroe,Township,RPC,RPC,FALSE,TRUE
M110000US3954866127,2026,Perry,New Lexington,Village,RPC,RPC,TRUE,TRUE
M110000US3955552127,2026,Perry,New Straitsville,Village,RPC,RPC,FALSE,TRUE
M110000US391276268099999,2026,Perry,Pike,Township,RPC,RPC,FALSE,TRUE
M110000US391276336699999,2026,Perry,Pleasant,Township,RPC,RPC,FALSE,TRUE
M110000US391276576099999,2026,Perry,Reading,Township,RPC,RPC,FALSE,TRUE
M110000US3966222127,2026,Perry,Rendville,Village,RPC,RPC,FALSE,TRUE
M110000US3968560127,2026,Perry,Roseville,Village,RPC,RPC,FALSE,TRUE
M110000US391277022699999,2026,Perry,Salt Lick,Township,RPC,RPC,FALSE,TRUE
M110000US3971962127,2026,Perry,Shawnee,Village,RPC,RPC,FALSE,TRUE
M110000US3972977127,2026,Perry,Somerset,Village,RPC,RPC,TRUE,TRUE
M110000US391277665999999,2026,Perry,Thorn,Township,RPC,RPC,FALSE,TRUE
M110000US3976680127,2026,Perry,Thornville,Village,RPC,RPC,FALSE,TRUE
M110000US3902680129,2026,Pickaway,Ashville,Village,RPC,CORPO,TRUE,FALSE
M110000US3915070129,2026,Pickaway,Circleville,City,RPC,CORPO,TRUE,FALSE
M110000US391291507799999,2026,Pickaway,Circleville,Township,RPC,CORPO,FALSE,FALSE
M110000US3918070129,2026,Pickaway,Commercial Point,Village,RPC,CORPO,FALSE,FALSE
M110000US391292015699999,2026,Pickaway,Darby,Township,RPC,CORPO,FALSE,FALSE
M110000US3920212129,2026,Pickaway,Darbyville,Village,RPC,CORPO,FALSE,FALSE
M110000US391292116899999,2026,Pickaway,Deercreek,Township,RPC,CORPO,FALSE,FALSE
M110000US3933740129,2026,Pickaway,Harrisburg,Village,RPC,CORPO,FALSE,FALSE
M110000US391293397899999,2026,Pickaway,Harrison,Township,RPC,CORPO,FALSE,FALSE
M110000US391293798299999,2026,Pickaway,Jackson,Township,RPC,CORPO,FALSE,FALSE
M110000US3944310129,2026,Pickaway,Lockbourne,Village,RPC,CORPO,TRUE,FALSE
M110000US391294656499999,2026,Pickaway,Madison,Township,RPC,CORPO,FALSE,FALSE
M110000US391295153499999,2026,Pickaway,Monroe,Township,RPC,CORPO,FALSE,FALSE
M110000US391295325699999,2026,Pickaway,Muhlenberg,Township,RPC,CORPO,FALSE,FALSE
M110000US3954726129,2026,Pickaway,New Holland,Village,RPC,CORPO,FALSE,FALSE
M110000US391296200899999,2026,Pickaway,Perry,Township,RPC,CORPO,FALSE,FALSE
M110000US391296248499999,2026,Pickaway,Pickaway,Township,RPC,CORPO,FALSE,FALSE
M110000US391297018499999,2026,Pickaway,Saltcreek,Township,RPC,CORPO,FALSE,FALSE
M110000US391297087099999,2026,Pickaway,Scioto,Township,RPC,CORPO,FALSE,FALSE
M110000US3973068129,2026,Pickaway,South Bloomfield,Village,RPC,CORPO,TRUE,FALSE
M110000US3976148129,2026,Pickaway,Tarlton,Village,RPC,CORPO,FALSE,FALSE
M110000US391298059899999,2026,Pickaway,Walnut,Township,RPC,CORPO,FALSE,FALSE
M110000US391298155099999,2026,Pickaway,Washington,Township,RPC,CORPO,FALSE,FALSE
M110000US391298226499999,2026,Pickaway,Wayne,Township,RPC,CORPO,FALSE,FALSE
M110000US3985414129,2026,Pickaway,Williamsport,Village,RPC,CORPO,FALSE,FALSE
M110000US3900450141,2026,Ross,Adelphi,Village,RPC,RPC,FALSE,FALSE
M110000US3903604141,2026,Ross,Bainbridge,Village,RPC,RPC,FALSE,FALSE
M110000US391411001699999,2026,Ross,Buckskin,Township,RPC,RPC,FALSE,FALSE
M110000US3914184141,2026,Ross,Chillicothe,City,RPC,RPC,TRUE,FALSE
M110000US3915336141,2026,Ross,Clarksburg,Village,RPC,RPC,FALSE,FALSE
M110000US391411663099999,2026,Ross,Colerain,Township,RPC,RPC,FALSE,FALSE
M110000US391411823899999,2026,Ross,Concord,Township,RPC,RPC,FALSE,FALSE
M110000US391412122499999,2026,Ross,Deerfield,Township,RPC,RPC,FALSE,FALSE
M110000US3928182141,2026,Ross,Frankfort,Village,RPC,RPC,FALSE,FALSE
M110000US391412842099999,2026,Ross,Franklin,Township,RPC,RPC,FALSE,FALSE
M110000US391413182299999,2026,Ross,Green,Township,RPC,RPC,FALSE,FALSE
M110000US3932088141,2026,Ross,Greenfield,Village,RPC,RPC,FALSE,FALSE
M110000US391413400699999,2026,Ross,Harrison,Township,RPC,RPC,FALSE,FALSE
M110000US391413689099999,2026,Ross,Huntington,Township,RPC,RPC,FALSE,FALSE
M110000US391413880899999,2026,Ross,Jefferson,Township,RPC,RPC,FALSE,FALSE
M110000US3940376141,2026,Ross,Kingston,Village,RPC,RPC,FALSE,FALSE
M110000US391414330299999,2026,Ross,Liberty,Township,RPC,RPC,FALSE,FALSE
M110000US391415954299999,2026,Ross,Paint,Township,RPC,RPC,FALSE,FALSE
M110000US391416130899999,2026,Ross,Paxton,Township,RPC,RPC,FALSE,FALSE
M110000US391417089899999,2026,Ross,Scioto,Township,RPC,RPC,FALSE,FALSE
M110000US3973698141,2026,Ross,South Salem,Village,RPC,RPC,FALSE,FALSE
M110000US391417412999999,2026,Ross,Springfield,Township,RPC,RPC,FALSE,FALSE
M110000US391417800899999,2026,Ross,Twin,Township,RPC,RPC,FALSE,FALSE
M110000US391417854099999,2026,Ross,Union,Township,RPC,RPC,FALSE,FALSE
M110000US391590133699999,2026,Union,Allen,Township,RPC,CORPO,FALSE,TRUE
M110000US391591511299999,2026,Union,Claibourne,Township,RPC,CORPO,FALSE,TRUE
M110000US391592017099999,2026,Union,Darby,Township,RPC,CORPO,FALSE,TRUE
M110000US391592248499999,2026,Union,Dover,Township,RPC,CORPO,FALSE,TRUE
M110000US3922694159,2026,Union,Dublin,City,MPO,MPO,TRUE,TRUE
M110000US391593810899999,2026,Union,Jackson,Township,RPC,CORPO,FALSE,TRUE
M110000US391593904699999,2026,Union,Jerome,Township,MPO,MPO,TRUE,TRUE
M110000US391594249099999,2026,Union,Leesburg,Township,RPC,CORPO,FALSE,TRUE
M110000US391594335899999,2026,Union,Liberty,Township,RPC,CORPO,FALSE,TRUE
M110000US3946830159,2026,Union,Magnetic Springs,Village,RPC,CORPO,FALSE,TRUE
M110000US3948160159,2026,Union,Marysville,City,RPC,CORPO,TRUE,TRUE
M110000US3950218159,2026,Union,Milford Center,Village,RPC,CORPO,FALSE,TRUE
M110000US391595028899999,2026,Union,Millcreek,Township,RPC,CORPO,FALSE,TRUE
M110000US391595986499999,2026,Union,Paris,Township,RPC,CORPO,FALSE,TRUE
M110000US3963030159,2026,Union,Plain City,Village,MPO,MPO,TRUE,TRUE
M110000US3966936159,2026,Union,Richwood,Village,RPC,CORPO,FALSE,TRUE
M110000US391597619499999,2026,Union,Taylor,Township,RPC,CORPO,FALSE,TRUE
M110000US391597858299999,2026,Union,Union,Township,RPC,CORPO,FALSE,TRUE
M110000US3978834159,2026,Union,Unionville Center,Village,RPC,CORPO,FALSE,TRUE
M110000US391598166299999,2026,Union,Washington,Township,RPC,CORPO,FALSE,TRUE
M110000US391598712299999,2026,Union,York,Township,RPC,CORPO,FALSE,TRUE
