GEOIDFQ,Name,Geography type,Date,Historical,Forecast,Confidence limit (upper),Confidence limit (lower),Source,Vintage year
0500000US39041,Delaware County,COUNTY,2000-07-01,111759,,,,CENINT,2012
0500000US39041,Delaware County,COUNTY,2001-07-01,118646,,,,CENINT,2012
0500000US39041,Delaware County,COUNTY,2002-07-01,126172,,,,CENINT,2012
0500000US39041,Delaware County,COUNTY,2003-07-01,133842,,,,CENINT,2012
0500000US39041,Delaware County,COUNTY,2004-07-01,141348,,,,CENINT,2012
0500000US39041,Delaware County,COUNTY,2005-07-01,149153,,,,CENINT,2012
0500000US39041,Delaware County,COUNTY,2006-07-01,156164,,,,CENINT,2012
0500000US39041,Delaware County,COUNTY,2007-07-01,161796,,,,CENINT,2012
0500000US39041,Delaware County,COUNTY,2008-07-01,166652,,,,CENINT,2012
0500000US39041,Delaware County,COUNTY,2009-07-01,170676,,,,CENINT,2012
0500000US39041,Delaware County,COUNTY,2010-07-01,175149,,,,CENINT,2024
0500000US39041,Delaware County,COUNTY,2011-07-01,178759,,,,CENINT,2024
0500000US39041,Delaware County,COUNTY,2012-07-01,181549,,,,CENINT,2024
0500000US39041,Delaware County,COUNTY,2013-07-01,186000,,,,CENINT,2024
0500000US39041,Delaware County,COUNTY,2014-07-01,190243,,,,CENINT,2024
0500000US39041,Delaware County,COUNTY,2015-07-01,194358,,,,CENINT,2024
0500000US39041,Delaware County,COUNTY,2016-07-01,198317,,,,CENINT,2024
0500000US39041,Delaware County,COUNTY,2017-07-01,202171,,,,CENINT,2024
0500000US39041,Delaware County,COUNTY,2018-07-01,206501,,,,CENINT,2024
0500000US39041,Delaware County,COUNTY,2019-07-01,211062,,,,CENINT,2024
0500000US39041,Delaware County,COUNTY,2020-07-01,215162,,,,CENPEP,2024
0500000US39041,Delaware County,COUNTY,2021-07-01,221304,,,,CENPEP,2024
0500000US39041,Delaware County,COUNTY,2022-07-01,227008,,,,CENPEP,2024
0500000US39041,Delaware County,COUNTY,2023-07-01,232732,,,,CENPEP,2024
0500000US39041,Delaware County,COUNTY,2024-06-30,237929,,,,MORPC,2025
0500000US39041,Delaware County,COUNTY,2025-07-01,,247016,248441,238464,MORPC,2022
0500000US39041,Delaware County,COUNTY,2030-07-01,,277484,287218,256467,MORPC,2022
0500000US39041,Delaware County,COUNTY,2035-07-01,,310863,329249,271216,MORPC,2022
0500000US39041,Delaware County,COUNTY,2040-07-01,,340917,373888,283357,MORPC,2022
0500000US39041,Delaware County,COUNTY,2045-07-01,,369307,420768,293257,MORPC,2022
0500000US39041,Delaware County,COUNTY,2050-07-01,,397697,469644,301161,MORPC,2022
0500000US39045,Fairfield County,COUNTY,2000-07-01,123485,,,,CENINT,2012
0500000US39045,Fairfield County,COUNTY,2001-07-01,126245,,,,CENINT,2012
0500000US39045,Fairfield County,COUNTY,2002-07-01,129355,,,,CENINT,2012
0500000US39045,Fairfield County,COUNTY,2003-07-01,132770,,,,CENINT,2012
0500000US39045,Fairfield County,COUNTY,2004-07-01,136074,,,,CENINT,2012
0500000US39045,Fairfield County,COUNTY,2005-07-01,138745,,,,CENINT,2012
0500000US39045,Fairfield County,COUNTY,2006-07-01,141005,,,,CENINT,2012
0500000US39045,Fairfield County,COUNTY,2007-07-01,142915,,,,CENINT,2012
0500000US39045,Fairfield County,COUNTY,2008-07-01,144029,,,,CENINT,2012
0500000US39045,Fairfield County,COUNTY,2009-07-01,145446,,,,CENINT,2012
0500000US39045,Fairfield County,COUNTY,2010-07-01,146399,,,,CENINT,2024
0500000US39045,Fairfield County,COUNTY,2011-07-01,147132,,,,CENINT,2024
0500000US39045,Fairfield County,COUNTY,2012-07-01,147227,,,,CENINT,2024
0500000US39045,Fairfield County,COUNTY,2013-07-01,148695,,,,CENINT,2024
0500000US39045,Fairfield County,COUNTY,2014-07-01,150237,,,,CENINT,2024
0500000US39045,Fairfield County,COUNTY,2015-07-01,151109,,,,CENINT,2024
0500000US39045,Fairfield County,COUNTY,2016-07-01,152590,,,,CENINT,2024
0500000US39045,Fairfield County,COUNTY,2017-07-01,154441,,,,CENINT,2024
0500000US39045,Fairfield County,COUNTY,2018-07-01,155747,,,,CENINT,2024
0500000US39045,Fairfield County,COUNTY,2019-07-01,157349,,,,CENINT,2024
0500000US39045,Fairfield County,COUNTY,2020-07-01,159464,,,,CENPEP,2024
0500000US39045,Fairfield County,COUNTY,2021-07-01,161245,,,,CENPEP,2024
0500000US39045,Fairfield County,COUNTY,2022-07-01,163166,,,,CENPEP,2024
0500000US39045,Fairfield County,COUNTY,2023-07-01,165630,,,,CENPEP,2024
0500000US39045,Fairfield County,COUNTY,2024-06-30,167803,,,,MORPC,2025
0500000US39045,Fairfield County,COUNTY,2025-07-01,,169183,171704,163990,MORPC,2022
0500000US39045,Fairfield County,COUNTY,2030-07-01,,178449,188541,164104,MORPC,2022
0500000US39045,Fairfield County,COUNTY,2035-07-01,,188820,208055,161542,MORPC,2022
0500000US39045,Fairfield County,COUNTY,2040-07-01,,197928,229705,156843,MORPC,2022
0500000US39045,Fairfield County,COUNTY,2045-07-01,,206404,253189,150311,MORPC,2022
0500000US39045,Fairfield County,COUNTY,2050-07-01,,214880,278304,142147,MORPC,2022
0500000US39047,Fayette County,COUNTY,2000-07-01,28495,,,,CENINT,2012
0500000US39047,Fayette County,COUNTY,2001-07-01,28310,,,,CENINT,2012
0500000US39047,Fayette County,COUNTY,2002-07-01,28370,,,,CENINT,2012
0500000US39047,Fayette County,COUNTY,2003-07-01,28450,,,,CENINT,2012
0500000US39047,Fayette County,COUNTY,2004-07-01,28470,,,,CENINT,2012
0500000US39047,Fayette County,COUNTY,2005-07-01,28695,,,,CENINT,2012
0500000US39047,Fayette County,COUNTY,2006-07-01,28791,,,,CENINT,2012
0500000US39047,Fayette County,COUNTY,2007-07-01,28908,,,,CENINT,2012
0500000US39047,Fayette County,COUNTY,2008-07-01,28896,,,,CENINT,2012
0500000US39047,Fayette County,COUNTY,2009-07-01,28929,,,,CENINT,2012
0500000US39047,Fayette County,COUNTY,2010-07-01,29025,,,,CENINT,2024
0500000US39047,Fayette County,COUNTY,2011-07-01,28916,,,,CENINT,2024
0500000US39047,Fayette County,COUNTY,2012-07-01,28853,,,,CENINT,2024
0500000US39047,Fayette County,COUNTY,2013-07-01,28810,,,,CENINT,2024
0500000US39047,Fayette County,COUNTY,2014-07-01,28809,,,,CENINT,2024
0500000US39047,Fayette County,COUNTY,2015-07-01,28811,,,,CENINT,2024
0500000US39047,Fayette County,COUNTY,2016-07-01,28927,,,,CENINT,2024
0500000US39047,Fayette County,COUNTY,2017-07-01,28938,,,,CENINT,2024
0500000US39047,Fayette County,COUNTY,2018-07-01,28919,,,,CENINT,2024
0500000US39047,Fayette County,COUNTY,2019-07-01,28828,,,,CENINT,2024
0500000US39047,Fayette County,COUNTY,2020-07-01,28978,,,,CENPEP,2024
0500000US39047,Fayette County,COUNTY,2021-07-01,28935,,,,CENPEP,2024
0500000US39047,Fayette County,COUNTY,2022-07-01,28856,,,,CENPEP,2024
0500000US39047,Fayette County,COUNTY,2023-07-01,28831,,,,CENPEP,2024
0500000US39047,Fayette County,COUNTY,2024-06-30,28702,,,,MORPC,2025
0500000US39047,Fayette County,COUNTY,2025-07-01,,29419,29855,28912,MORPC,2022
0500000US39047,Fayette County,COUNTY,2030-07-01,,30011,31216,28691,MORPC,2022
0500000US39047,Fayette County,COUNTY,2035-07-01,,30634,32814,28240,MORPC,2022
0500000US39047,Fayette County,COUNTY,2040-07-01,,31220,34594,27601,MORPC,2022
0500000US39047,Fayette County,COUNTY,2045-07-01,,31790,36534,26802,MORPC,2022
0500000US39047,Fayette County,COUNTY,2050-07-01,,32360,38618,25859,MORPC,2022
0500000US39049,Franklin County,COUNTY,2000-07-01,1072018,,,,CENINT,2012
0500000US39049,Franklin County,COUNTY,2001-07-01,1082938,,,,CENINT,2012
0500000US39049,Franklin County,COUNTY,2002-07-01,1088693,,,,CENINT,2012
0500000US39049,Franklin County,COUNTY,2003-07-01,1095250,,,,CENINT,2012
0500000US39049,Franklin County,COUNTY,2004-07-01,1099603,,,,CENINT,2012
0500000US39049,Franklin County,COUNTY,2005-07-01,1105497,,,,CENINT,2012
0500000US39049,Franklin County,COUNTY,2006-07-01,1115924,,,,CENINT,2012
0500000US39049,Franklin County,COUNTY,2007-07-01,1127174,,,,CENINT,2012
0500000US39049,Franklin County,COUNTY,2008-07-01,1141183,,,,CENINT,2012
0500000US39049,Franklin County,COUNTY,2009-07-01,1155408,,,,CENINT,2012
0500000US39049,Franklin County,COUNTY,2010-07-01,1166217,,,,CENINT,2024
0500000US39049,Franklin County,COUNTY,2011-07-01,1180911,,,,CENINT,2024
0500000US39049,Franklin County,COUNTY,2012-07-01,1199247,,,,CENINT,2024
0500000US39049,Franklin County,COUNTY,2013-07-01,1219172,,,,CENINT,2024
0500000US39049,Franklin County,COUNTY,2014-07-01,1238740,,,,CENINT,2024
0500000US39049,Franklin County,COUNTY,2015-07-01,1257869,,,,CENINT,2024
0500000US39049,Franklin County,COUNTY,2016-07-01,1275185,,,,CENINT,2024
0500000US39049,Franklin County,COUNTY,2017-07-01,1296343,,,,CENINT,2024
0500000US39049,Franklin County,COUNTY,2018-07-01,1308564,,,,CENINT,2024
0500000US39049,Franklin County,COUNTY,2019-07-01,1318727,,,,CENINT,2024
0500000US39049,Franklin County,COUNTY,2020-07-01,1324505,,,,CENPEP,2024
0500000US39049,Franklin County,COUNTY,2021-07-01,1317840,,,,CENPEP,2024
0500000US39049,Franklin County,COUNTY,2022-07-01,1327687,,,,CENPEP,2024
0500000US39049,Franklin County,COUNTY,2023-07-01,1338903,,,,CENPEP,2024
0500000US39049,Franklin County,COUNTY,2024-06-30,1355862,,,,MORPC,2025
0500000US39049,Franklin County,COUNTY,2025-07-01,,1390127,1409654,1333445,MORPC,2022
0500000US39049,Franklin County,COUNTY,2030-07-01,,1447090,1506988,1327469,MORPC,2022
0500000US39049,Franklin County,COUNTY,2035-07-01,,1519844,1617180,1308636,MORPC,2022
0500000US39049,Franklin County,COUNTY,2040-07-01,,1574551,1738045,1279131,MORPC,2022
0500000US39049,Franklin County,COUNTY,2045-07-01,,1620232,1868239,1240296,MORPC,2022
0500000US39049,Franklin County,COUNTY,2050-07-01,,1665914,2006828,1193066,MORPC,2022
0500000US39073,Hocking County,COUNTY,2000-07-01,28262,,,,CENINT,2012
0500000US39073,Hocking County,COUNTY,2001-07-01,28452,,,,CENINT,2012
0500000US39073,Hocking County,COUNTY,2002-07-01,28653,,,,CENINT,2012
0500000US39073,Hocking County,COUNTY,2003-07-01,28823,,,,CENINT,2012
0500000US39073,Hocking County,COUNTY,2004-07-01,28962,,,,CENINT,2012
0500000US39073,Hocking County,COUNTY,2005-07-01,29058,,,,CENINT,2012
0500000US39073,Hocking County,COUNTY,2006-07-01,29097,,,,CENINT,2012
0500000US39073,Hocking County,COUNTY,2007-07-01,29418,,,,CENINT,2012
0500000US39073,Hocking County,COUNTY,2008-07-01,29445,,,,CENINT,2012
0500000US39073,Hocking County,COUNTY,2009-07-01,29358,,,,CENINT,2012
0500000US39073,Hocking County,COUNTY,2010-07-01,29480,,,,CENINT,2024
0500000US39073,Hocking County,COUNTY,2011-07-01,29459,,,,CENINT,2024
0500000US39073,Hocking County,COUNTY,2012-07-01,29288,,,,CENINT,2024
0500000US39073,Hocking County,COUNTY,2013-07-01,28629,,,,CENINT,2024
0500000US39073,Hocking County,COUNTY,2014-07-01,28707,,,,CENINT,2024
0500000US39073,Hocking County,COUNTY,2015-07-01,28451,,,,CENINT,2024
0500000US39073,Hocking County,COUNTY,2016-07-01,28342,,,,CENINT,2024
0500000US39073,Hocking County,COUNTY,2017-07-01,28369,,,,CENINT,2024
0500000US39073,Hocking County,COUNTY,2018-07-01,28272,,,,CENINT,2024
0500000US39073,Hocking County,COUNTY,2019-07-01,28150,,,,CENINT,2024
0500000US39073,Hocking County,COUNTY,2020-07-01,28046,,,,CENPEP,2024
0500000US39073,Hocking County,COUNTY,2021-07-01,28109,,,,CENPEP,2024
0500000US39073,Hocking County,COUNTY,2022-07-01,27843,,,,CENPEP,2024
0500000US39073,Hocking County,COUNTY,2023-07-01,27567,,,,CENPEP,2024
0500000US39073,Hocking County,COUNTY,2024-06-30,27487,,,,MORPC,2025
0500000US39073,Hocking County,COUNTY,2025-07-01,,27965,28660,27122,MORPC,2022
0500000US39073,Hocking County,COUNTY,2030-07-01,,27762,29751,25535,MORPC,2022
0500000US39073,Hocking County,COUNTY,2035-07-01,,27629,31239,23571,MORPC,2022
0500000US39073,Hocking County,COUNTY,2040-07-01,,27428,33041,21295,MORPC,2022
0500000US39073,Hocking County,COUNTY,2045-07-01,,27190,35114,18747,MORPC,2022
0500000US39073,Hocking County,COUNTY,2050-07-01,,26953,37429,15958,MORPC,2022
0500000US39083,Knox County,COUNTY,2000-07-01,54616,,,,CENINT,2012
0500000US39083,Knox County,COUNTY,2001-07-01,55460,,,,CENINT,2012
0500000US39083,Knox County,COUNTY,2002-07-01,56377,,,,CENINT,2012
0500000US39083,Knox County,COUNTY,2003-07-01,57232,,,,CENINT,2012
0500000US39083,Knox County,COUNTY,2004-07-01,57995,,,,CENINT,2012
0500000US39083,Knox County,COUNTY,2005-07-01,58641,,,,CENINT,2012
0500000US39083,Knox County,COUNTY,2006-07-01,59194,,,,CENINT,2012
0500000US39083,Knox County,COUNTY,2007-07-01,59843,,,,CENINT,2012
0500000US39083,Knox County,COUNTY,2008-07-01,60348,,,,CENINT,2012
0500000US39083,Knox County,COUNTY,2009-07-01,60633,,,,CENINT,2012
0500000US39083,Knox County,COUNTY,2010-07-01,61095,,,,CENINT,2024
0500000US39083,Knox County,COUNTY,2011-07-01,61331,,,,CENINT,2024
0500000US39083,Knox County,COUNTY,2012-07-01,60854,,,,CENINT,2024
0500000US39083,Knox County,COUNTY,2013-07-01,60988,,,,CENINT,2024
0500000US39083,Knox County,COUNTY,2014-07-01,61173,,,,CENINT,2024
0500000US39083,Knox County,COUNTY,2015-07-01,61216,,,,CENINT,2024
0500000US39083,Knox County,COUNTY,2016-07-01,61157,,,,CENINT,2024
0500000US39083,Knox County,COUNTY,2017-07-01,61581,,,,CENINT,2024
0500000US39083,Knox County,COUNTY,2018-07-01,62190,,,,CENINT,2024
0500000US39083,Knox County,COUNTY,2019-07-01,62541,,,,CENINT,2024
0500000US39083,Knox County,COUNTY,2020-07-01,62792,,,,CENPEP,2024
0500000US39083,Knox County,COUNTY,2021-07-01,62539,,,,CENPEP,2024
0500000US39083,Knox County,COUNTY,2022-07-01,63186,,,,CENPEP,2024
0500000US39083,Knox County,COUNTY,2023-07-01,63344,,,,CENPEP,2024
0500000US39083,Knox County,COUNTY,2024-06-30,63808,,,,MORPC,2025
0500000US39083,Knox County,COUNTY,2025-07-01,,64157,65164,61970,MORPC,2022
0500000US39083,Knox County,COUNTY,2030-07-01,,65339,69227,59572,MORPC,2022
0500000US39083,Knox County,COUNTY,2035-07-01,,67013,74288,56176,MORPC,2022
0500000US39083,Knox County,COUNTY,2040-07-01,,68125,80150,51978,MORPC,2022
0500000US39083,Knox County,COUNTY,2045-07-01,,68957,86702,47091,MORPC,2022
0500000US39083,Knox County,COUNTY,2050-07-01,,69790,93868,41589,MORPC,2022
0500000US39089,Licking County,COUNTY,2000-07-01,146268,,,,CENINT,2012
0500000US39089,Licking County,COUNTY,2001-07-01,148226,,,,CENINT,2012
0500000US39089,Licking County,COUNTY,2002-07-01,150061,,,,CENINT,2012
0500000US39089,Licking County,COUNTY,2003-07-01,152582,,,,CENINT,2012
0500000US39089,Licking County,COUNTY,2004-07-01,155264,,,,CENINT,2012
0500000US39089,Licking County,COUNTY,2005-07-01,157950,,,,CENINT,2012
0500000US39089,Licking County,COUNTY,2006-07-01,160263,,,,CENINT,2012
0500000US39089,Licking County,COUNTY,2007-07-01,162375,,,,CENINT,2012
0500000US39089,Licking County,COUNTY,2008-07-01,163916,,,,CENINT,2012
0500000US39089,Licking County,COUNTY,2009-07-01,165283,,,,CENINT,2012
0500000US39089,Licking County,COUNTY,2010-07-01,166739,,,,CENINT,2024
0500000US39089,Licking County,COUNTY,2011-07-01,167266,,,,CENINT,2024
0500000US39089,Licking County,COUNTY,2012-07-01,167765,,,,CENINT,2024
0500000US39089,Licking County,COUNTY,2013-07-01,168717,,,,CENINT,2024
0500000US39089,Licking County,COUNTY,2014-07-01,169748,,,,CENINT,2024
0500000US39089,Licking County,COUNTY,2015-07-01,171021,,,,CENINT,2024
0500000US39089,Licking County,COUNTY,2016-07-01,172522,,,,CENINT,2024
0500000US39089,Licking County,COUNTY,2017-07-01,174203,,,,CENINT,2024
0500000US39089,Licking County,COUNTY,2018-07-01,176286,,,,CENINT,2024
0500000US39089,Licking County,COUNTY,2019-07-01,177701,,,,CENINT,2024
0500000US39089,Licking County,COUNTY,2020-07-01,178796,,,,CENPEP,2024
0500000US39089,Licking County,COUNTY,2021-07-01,180051,,,,CENPEP,2024
0500000US39089,Licking County,COUNTY,2022-07-01,181899,,,,CENPEP,2024
0500000US39089,Licking County,COUNTY,2023-07-01,183540,,,,CENPEP,2024
0500000US39089,Licking County,COUNTY,2024-06-30,184874,,,,MORPC,2025
0500000US39089,Licking County,COUNTY,2025-07-01,,190915,189312,176808,MORPC,2022
0500000US39089,Licking County,COUNTY,2030-07-01,,200710,203164,173324,MORPC,2022
0500000US39089,Licking County,COUNTY,2035-07-01,,216962,219200,167658,MORPC,2022
0500000US39089,Licking County,COUNTY,2040-07-01,,225833,237045,160181,MORPC,2022
0500000US39089,Licking County,COUNTY,2045-07-01,,231017,256471,151123,MORPC,2022
0500000US39089,Licking County,COUNTY,2050-07-01,,236202,277319,140644,MORPC,2022
0500000US39091,Logan County,COUNTY,2000-07-01,45984,,,,CENINT,2012
0500000US39091,Logan County,COUNTY,2001-07-01,45865,,,,CENINT,2012
0500000US39091,Logan County,COUNTY,2002-07-01,46089,,,,CENINT,2012
0500000US39091,Logan County,COUNTY,2003-07-01,46257,,,,CENINT,2012
0500000US39091,Logan County,COUNTY,2004-07-01,46247,,,,CENINT,2012
0500000US39091,Logan County,COUNTY,2005-07-01,46066,,,,CENINT,2012
0500000US39091,Logan County,COUNTY,2006-07-01,45902,,,,CENINT,2012
0500000US39091,Logan County,COUNTY,2007-07-01,46154,,,,CENINT,2012
0500000US39091,Logan County,COUNTY,2008-07-01,46115,,,,CENINT,2012
0500000US39091,Logan County,COUNTY,2009-07-01,46055,,,,CENINT,2012
0500000US39091,Logan County,COUNTY,2010-07-01,45761,,,,CENINT,2024
0500000US39091,Logan County,COUNTY,2011-07-01,45716,,,,CENINT,2024
0500000US39091,Logan County,COUNTY,2012-07-01,45575,,,,CENINT,2024
0500000US39091,Logan County,COUNTY,2013-07-01,45635,,,,CENINT,2024
0500000US39091,Logan County,COUNTY,2014-07-01,45786,,,,CENINT,2024
0500000US39091,Logan County,COUNTY,2015-07-01,45636,,,,CENINT,2024
0500000US39091,Logan County,COUNTY,2016-07-01,45599,,,,CENINT,2024
0500000US39091,Logan County,COUNTY,2017-07-01,45743,,,,CENINT,2024
0500000US39091,Logan County,COUNTY,2018-07-01,45890,,,,CENINT,2024
0500000US39091,Logan County,COUNTY,2019-07-01,46265,,,,CENINT,2024
0500000US39091,Logan County,COUNTY,2020-07-01,46114,,,,CENPEP,2024
0500000US39091,Logan County,COUNTY,2021-07-01,46160,,,,CENPEP,2024
0500000US39091,Logan County,COUNTY,2022-07-01,46040,,,,CENPEP,2024
0500000US39091,Logan County,COUNTY,2023-07-01,46045,,,,CENPEP,2024
0500000US39091,Logan County,COUNTY,2024-06-30,46073,,,,MORPC,2025
0500000US39091,Logan County,COUNTY,2025-07-01,,46095,47290,44871,MORPC,2022
0500000US39091,Logan County,COUNTY,2030-07-01,,46407,49351,43377,MORPC,2022
0500000US39091,Logan County,COUNTY,2035-07-01,,46763,51833,41448,MORPC,2022
0500000US39091,Logan County,COUNTY,2040-07-01,,47058,54679,39156,MORPC,2022
0500000US39091,Logan County,COUNTY,2045-07-01,,47335,57844,36544,MORPC,2022
0500000US39091,Logan County,COUNTY,2050-07-01,,47611,61297,33644,MORPC,2022
0500000US39097,Madison County,COUNTY,2000-07-01,40218,,,,CENINT,2012
0500000US39097,Madison County,COUNTY,2001-07-01,40256,,,,CENINT,2012
0500000US39097,Madison County,COUNTY,2002-07-01,40539,,,,CENINT,2012
0500000US39097,Madison County,COUNTY,2003-07-01,40879,,,,CENINT,2012
0500000US39097,Madison County,COUNTY,2004-07-01,41122,,,,CENINT,2012
0500000US39097,Madison County,COUNTY,2005-07-01,41292,,,,CENINT,2012
0500000US39097,Madison County,COUNTY,2006-07-01,41865,,,,CENINT,2012
0500000US39097,Madison County,COUNTY,2007-07-01,42392,,,,CENINT,2012
0500000US39097,Madison County,COUNTY,2008-07-01,43163,,,,CENINT,2012
0500000US39097,Madison County,COUNTY,2009-07-01,43353,,,,CENINT,2012
0500000US39097,Madison County,COUNTY,2010-07-01,43414,,,,CENINT,2024
0500000US39097,Madison County,COUNTY,2011-07-01,43019,,,,CENINT,2024
0500000US39097,Madison County,COUNTY,2012-07-01,42814,,,,CENINT,2024
0500000US39097,Madison County,COUNTY,2013-07-01,43000,,,,CENINT,2024
0500000US39097,Madison County,COUNTY,2014-07-01,43644,,,,CENINT,2024
0500000US39097,Madison County,COUNTY,2015-07-01,43724,,,,CENINT,2024
0500000US39097,Madison County,COUNTY,2016-07-01,42895,,,,CENINT,2024
0500000US39097,Madison County,COUNTY,2017-07-01,43491,,,,CENINT,2024
0500000US39097,Madison County,COUNTY,2018-07-01,43726,,,,CENINT,2024
0500000US39097,Madison County,COUNTY,2019-07-01,44064,,,,CENINT,2024
0500000US39097,Madison County,COUNTY,2020-07-01,43858,,,,CENPEP,2024
0500000US39097,Madison County,COUNTY,2021-07-01,44447,,,,CENPEP,2024
0500000US39097,Madison County,COUNTY,2022-07-01,43613,,,,CENPEP,2024
0500000US39097,Madison County,COUNTY,2023-07-01,44668,,,,CENPEP,2024
0500000US39097,Madison County,COUNTY,2024-06-30,45335,,,,MORPC,2025
0500000US39097,Madison County,COUNTY,2025-07-01,,46487,49508,42918,MORPC,2022
0500000US39097,Madison County,COUNTY,2030-07-01,,48833,58168,38616,MORPC,2022
0500000US39097,Madison County,COUNTY,2035-07-01,,51412,68798,32345,MORPC,2022
0500000US39097,Madison County,COUNTY,2040-07-01,,53726,81014,24486,MORPC,2022
0500000US39097,Madison County,COUNTY,2045-07-01,,55905,94597,15261,MORPC,2022
0500000US39097,Madison County,COUNTY,2050-07-01,,58084,109400,4816,MORPC,2022
0500000US39101,Marion County,COUNTY,2000-07-01,66135,,,,CENINT,2012
0500000US39101,Marion County,COUNTY,2001-07-01,66156,,,,CENINT,2012
0500000US39101,Marion County,COUNTY,2002-07-01,66188,,,,CENINT,2012
0500000US39101,Marion County,COUNTY,2003-07-01,66372,,,,CENINT,2012
0500000US39101,Marion County,COUNTY,2004-07-01,66361,,,,CENINT,2012
0500000US39101,Marion County,COUNTY,2005-07-01,66468,,,,CENINT,2012
0500000US39101,Marion County,COUNTY,2006-07-01,66345,,,,CENINT,2012
0500000US39101,Marion County,COUNTY,2007-07-01,66487,,,,CENINT,2012
0500000US39101,Marion County,COUNTY,2008-07-01,66840,,,,CENINT,2012
0500000US39101,Marion County,COUNTY,2009-07-01,66497,,,,CENINT,2012
0500000US39101,Marion County,COUNTY,2010-07-01,66470,,,,CENINT,2024
0500000US39101,Marion County,COUNTY,2011-07-01,66669,,,,CENINT,2024
0500000US39101,Marion County,COUNTY,2012-07-01,66401,,,,CENINT,2024
0500000US39101,Marion County,COUNTY,2013-07-01,66139,,,,CENINT,2024
0500000US39101,Marion County,COUNTY,2014-07-01,66009,,,,CENINT,2024
0500000US39101,Marion County,COUNTY,2015-07-01,65701,,,,CENINT,2024
0500000US39101,Marion County,COUNTY,2016-07-01,65757,,,,CENINT,2024
0500000US39101,Marion County,COUNTY,2017-07-01,65433,,,,CENINT,2024
0500000US39101,Marion County,COUNTY,2018-07-01,65789,,,,CENINT,2024
0500000US39101,Marion County,COUNTY,2019-07-01,65465,,,,CENINT,2024
0500000US39101,Marion County,COUNTY,2020-07-01,65390,,,,CENPEP,2024
0500000US39101,Marion County,COUNTY,2021-07-01,65330,,,,CENPEP,2024
0500000US39101,Marion County,COUNTY,2022-07-01,64576,,,,CENPEP,2024
0500000US39101,Marion County,COUNTY,2023-07-01,64828,,,,CENPEP,2024
0500000US39101,Marion County,COUNTY,2024-06-30,64857,,,,MORPC,2025
0500000US39101,Marion County,COUNTY,2025-07-01,,65314,66329,63731,MORPC,2022
0500000US39101,Marion County,COUNTY,2030-07-01,,65160,66651,62754,MORPC,2022
0500000US39101,Marion County,COUNTY,2035-07-01,,65246,66806,61945,MORPC,2022
0500000US39101,Marion County,COUNTY,2040-07-01,,65059,66879,61217,MORPC,2022
0500000US39101,Marion County,COUNTY,2045-07-01,,64732,66903,60539,MORPC,2022
0500000US39101,Marion County,COUNTY,2050-07-01,,64405,66892,59896,MORPC,2022
0500000US39117,Morrow County,COUNTY,2000-07-01,31813,,,,CENINT,2012
0500000US39117,Morrow County,COUNTY,2001-07-01,32438,,,,CENINT,2012
0500000US39117,Morrow County,COUNTY,2002-07-01,32955,,,,CENINT,2012
0500000US39117,Morrow County,COUNTY,2003-07-01,33524,,,,CENINT,2012
0500000US39117,Morrow County,COUNTY,2004-07-01,34025,,,,CENINT,2012
0500000US39117,Morrow County,COUNTY,2005-07-01,34271,,,,CENINT,2012
0500000US39117,Morrow County,COUNTY,2006-07-01,34561,,,,CENINT,2012
0500000US39117,Morrow County,COUNTY,2007-07-01,34937,,,,CENINT,2012
0500000US39117,Morrow County,COUNTY,2008-07-01,34877,,,,CENINT,2012
0500000US39117,Morrow County,COUNTY,2009-07-01,34907,,,,CENINT,2012
0500000US39117,Morrow County,COUNTY,2010-07-01,34779,,,,CENINT,2024
0500000US39117,Morrow County,COUNTY,2011-07-01,34757,,,,CENINT,2024
0500000US39117,Morrow County,COUNTY,2012-07-01,34739,,,,CENINT,2024
0500000US39117,Morrow County,COUNTY,2013-07-01,34707,,,,CENINT,2024
0500000US39117,Morrow County,COUNTY,2014-07-01,34753,,,,CENINT,2024
0500000US39117,Morrow County,COUNTY,2015-07-01,34721,,,,CENINT,2024
0500000US39117,Morrow County,COUNTY,2016-07-01,34652,,,,CENINT,2024
0500000US39117,Morrow County,COUNTY,2017-07-01,34607,,,,CENINT,2024
0500000US39117,Morrow County,COUNTY,2018-07-01,34767,,,,CENINT,2024
0500000US39117,Morrow County,COUNTY,2019-07-01,34933,,,,CENINT,2024
0500000US39117,Morrow County,COUNTY,2020-07-01,34983,,,,CENPEP,2024
0500000US39117,Morrow County,COUNTY,2021-07-01,35211,,,,CENPEP,2024
0500000US39117,Morrow County,COUNTY,2022-07-01,35317,,,,CENPEP,2024
0500000US39117,Morrow County,COUNTY,2023-07-01,35583,,,,CENPEP,2024
0500000US39117,Morrow County,COUNTY,2024-06-30,35947,,,,MORPC,2025
0500000US39117,Morrow County,COUNTY,2025-07-01,,36425,37323,34476,MORPC,2022
0500000US39117,Morrow County,COUNTY,2030-07-01,,37666,41222,32447,MORPC,2022
0500000US39117,Morrow County,COUNTY,2035-07-01,,39338,46050,29489,MORPC,2022
0500000US39117,Morrow County,COUNTY,2040-07-01,,40519,51621,25788,MORPC,2022
0500000US39117,Morrow County,COUNTY,2045-07-01,,41454,57832,21447,MORPC,2022
0500000US39117,Morrow County,COUNTY,2050-07-01,,42389,64613,16536,MORPC,2022
0500000US39127,Perry County,COUNTY,2000-07-01,34099,,,,CENINT,2012
0500000US39127,Perry County,COUNTY,2001-07-01,34375,,,,CENINT,2012
0500000US39127,Perry County,COUNTY,2002-07-01,34629,,,,CENINT,2012
0500000US39127,Perry County,COUNTY,2003-07-01,34944,,,,CENINT,2012
0500000US39127,Perry County,COUNTY,2004-07-01,35117,,,,CENINT,2012
0500000US39127,Perry County,COUNTY,2005-07-01,35254,,,,CENINT,2012
0500000US39127,Perry County,COUNTY,2006-07-01,35430,,,,CENINT,2012
0500000US39127,Perry County,COUNTY,2007-07-01,35582,,,,CENINT,2012
0500000US39127,Perry County,COUNTY,2008-07-01,36150,,,,CENINT,2012
0500000US39127,Perry County,COUNTY,2009-07-01,35996,,,,CENINT,2012
0500000US39127,Perry County,COUNTY,2010-07-01,36017,,,,CENINT,2024
0500000US39127,Perry County,COUNTY,2011-07-01,36132,,,,CENINT,2024
0500000US39127,Perry County,COUNTY,2012-07-01,35808,,,,CENINT,2024
0500000US39127,Perry County,COUNTY,2013-07-01,35747,,,,CENINT,2024
0500000US39127,Perry County,COUNTY,2014-07-01,35595,,,,CENINT,2024
0500000US39127,Perry County,COUNTY,2015-07-01,35561,,,,CENINT,2024
0500000US39127,Perry County,COUNTY,2016-07-01,35528,,,,CENINT,2024
0500000US39127,Perry County,COUNTY,2017-07-01,35410,,,,CENINT,2024
0500000US39127,Perry County,COUNTY,2018-07-01,35404,,,,CENINT,2024
0500000US39127,Perry County,COUNTY,2019-07-01,35407,,,,CENINT,2024
0500000US39127,Perry County,COUNTY,2020-07-01,35455,,,,CENPEP,2024
0500000US39127,Perry County,COUNTY,2021-07-01,35478,,,,CENPEP,2024
0500000US39127,Perry County,COUNTY,2022-07-01,35483,,,,CENPEP,2024
0500000US39127,Perry County,COUNTY,2023-07-01,35577,,,,CENPEP,2024
0500000US39127,Perry County,COUNTY,2024-06-30,35677,,,,MORPC,2025
0500000US39127,Perry County,COUNTY,2025-07-01,,36859,38560,34761,MORPC,2022
0500000US39127,Perry County,COUNTY,2030-07-01,,37415,41469,32732,MORPC,2022
0500000US39127,Perry County,COUNTY,2035-07-01,,38131,44979,30102,MORPC,2022
0500000US39127,Perry County,COUNTY,2040-07-01,,38662,48989,26972,MORPC,2022
0500000US39127,Perry County,COUNTY,2045-07-01,,39102,53437,23404,MORPC,2022
0500000US39127,Perry County,COUNTY,2050-07-01,,39542,58278,19442,MORPC,2022
0500000US39129,Pickaway County,COUNTY,2000-07-01,52808,,,,CENINT,2012
0500000US39129,Pickaway County,COUNTY,2001-07-01,52344,,,,CENINT,2012
0500000US39129,Pickaway County,COUNTY,2002-07-01,51778,,,,CENINT,2012
0500000US39129,Pickaway County,COUNTY,2003-07-01,51983,,,,CENINT,2012
0500000US39129,Pickaway County,COUNTY,2004-07-01,52238,,,,CENINT,2012
0500000US39129,Pickaway County,COUNTY,2005-07-01,52954,,,,CENINT,2012
0500000US39129,Pickaway County,COUNTY,2006-07-01,54094,,,,CENINT,2012
0500000US39129,Pickaway County,COUNTY,2007-07-01,55044,,,,CENINT,2012
0500000US39129,Pickaway County,COUNTY,2008-07-01,55376,,,,CENINT,2012
0500000US39129,Pickaway County,COUNTY,2009-07-01,55323,,,,CENINT,2012
0500000US39129,Pickaway County,COUNTY,2010-07-01,55734,,,,CENINT,2024
0500000US39129,Pickaway County,COUNTY,2011-07-01,55934,,,,CENINT,2024
0500000US39129,Pickaway County,COUNTY,2012-07-01,56214,,,,CENINT,2024
0500000US39129,Pickaway County,COUNTY,2013-07-01,56322,,,,CENINT,2024
0500000US39129,Pickaway County,COUNTY,2014-07-01,56664,,,,CENINT,2024
0500000US39129,Pickaway County,COUNTY,2015-07-01,56942,,,,CENINT,2024
0500000US39129,Pickaway County,COUNTY,2016-07-01,57455,,,,CENINT,2024
0500000US39129,Pickaway County,COUNTY,2017-07-01,57702,,,,CENINT,2024
0500000US39129,Pickaway County,COUNTY,2018-07-01,58022,,,,CENINT,2024
0500000US39129,Pickaway County,COUNTY,2019-07-01,58435,,,,CENINT,2024
0500000US39129,Pickaway County,COUNTY,2020-07-01,58664,,,,CENPEP,2024
0500000US39129,Pickaway County,COUNTY,2021-07-01,58781,,,,CENPEP,2024
0500000US39129,Pickaway County,COUNTY,2022-07-01,59987,,,,CENPEP,2024
0500000US39129,Pickaway County,COUNTY,2023-07-01,61064,,,,CENPEP,2024
0500000US39129,Pickaway County,COUNTY,2024-06-30,62094,,,,MORPC,2025
0500000US39129,Pickaway County,COUNTY,2025-07-01,,62355,66029,58005,MORPC,2022
0500000US39129,Pickaway County,COUNTY,2030-07-01,,65891,77450,53249,MORPC,2022
0500000US39129,Pickaway County,COUNTY,2035-07-01,,69716,91360,46004,MORPC,2022
0500000US39129,Pickaway County,COUNTY,2040-07-01,,73212,107272,36758,MORPC,2022
0500000US39129,Pickaway County,COUNTY,2045-07-01,,76545,124906,25789,MORPC,2022
0500000US39129,Pickaway County,COUNTY,2050-07-01,,79877,144076,13285,MORPC,2022
0500000US39141,Ross County,COUNTY,2000-07-01,73507,,,,CENINT,2012
0500000US39141,Ross County,COUNTY,2001-07-01,73840,,,,CENINT,2012
0500000US39141,Ross County,COUNTY,2002-07-01,74363,,,,CENINT,2012
0500000US39141,Ross County,COUNTY,2003-07-01,75008,,,,CENINT,2012
0500000US39141,Ross County,COUNTY,2004-07-01,75251,,,,CENINT,2012
0500000US39141,Ross County,COUNTY,2005-07-01,75935,,,,CENINT,2012
0500000US39141,Ross County,COUNTY,2006-07-01,76639,,,,CENINT,2012
0500000US39141,Ross County,COUNTY,2007-07-01,77419,,,,CENINT,2012
0500000US39141,Ross County,COUNTY,2008-07-01,77675,,,,CENINT,2012
0500000US39141,Ross County,COUNTY,2009-07-01,77862,,,,CENINT,2012
0500000US39141,Ross County,COUNTY,2010-07-01,78117,,,,CENINT,2024
0500000US39141,Ross County,COUNTY,2011-07-01,77669,,,,CENINT,2024
0500000US39141,Ross County,COUNTY,2012-07-01,77495,,,,CENINT,2024
0500000US39141,Ross County,COUNTY,2013-07-01,77496,,,,CENINT,2024
0500000US39141,Ross County,COUNTY,2014-07-01,77373,,,,CENINT,2024
0500000US39141,Ross County,COUNTY,2015-07-01,77385,,,,CENINT,2024
0500000US39141,Ross County,COUNTY,2016-07-01,77266,,,,CENINT,2024
0500000US39141,Ross County,COUNTY,2017-07-01,77738,,,,CENINT,2024
0500000US39141,Ross County,COUNTY,2018-07-01,77359,,,,CENINT,2024
0500000US39141,Ross County,COUNTY,2019-07-01,77173,,,,CENINT,2024
0500000US39141,Ross County,COUNTY,2020-07-01,77068,,,,CENPEP,2024
0500000US39141,Ross County,COUNTY,2021-07-01,76526,,,,CENPEP,2024
0500000US39141,Ross County,COUNTY,2022-07-01,76479,,,,CENPEP,2024
0500000US39141,Ross County,COUNTY,2023-07-01,76340,,,,CENPEP,2024
0500000US39141,Ross County,COUNTY,2024-06-30,76210,,,,MORPC,2025
0500000US39141,Ross County,COUNTY,2025-07-01,,76590,79695,73390,MORPC,2022
0500000US39141,Ross County,COUNTY,2030-07-01,,76204,85847,66369,MORPC,2022
0500000US39141,Ross County,COUNTY,2035-07-01,,75876,94070,57266,MORPC,2022
0500000US39141,Ross County,COUNTY,2040-07-01,,75478,103952,46512,MORPC,2022
0500000US39141,Ross County,COUNTY,2045-07-01,,75040,115258,34330,MORPC,2022
0500000US39141,Ross County,COUNTY,2050-07-01,,74602,127833,20880,MORPC,2022
0500000US39159,Union County,COUNTY,2000-07-01,41338,,,,CENINT,2012
0500000US39159,Union County,COUNTY,2001-07-01,42859,,,,CENINT,2012
0500000US39159,Union County,COUNTY,2002-07-01,43517,,,,CENINT,2012
0500000US39159,Union County,COUNTY,2003-07-01,44665,,,,CENINT,2012
0500000US39159,Union County,COUNTY,2004-07-01,45819,,,,CENINT,2012
0500000US39159,Union County,COUNTY,2005-07-01,46952,,,,CENINT,2012
0500000US39159,Union County,COUNTY,2006-07-01,48589,,,,CENINT,2012
0500000US39159,Union County,COUNTY,2007-07-01,49906,,,,CENINT,2012
0500000US39159,Union County,COUNTY,2008-07-01,50856,,,,CENINT,2012
0500000US39159,Union County,COUNTY,2009-07-01,51798,,,,CENINT,2012
0500000US39159,Union County,COUNTY,2010-07-01,52538,,,,CENINT,2024
0500000US39159,Union County,COUNTY,2011-07-01,53481,,,,CENINT,2024
0500000US39159,Union County,COUNTY,2012-07-01,53482,,,,CENINT,2024
0500000US39159,Union County,COUNTY,2013-07-01,54429,,,,CENINT,2024
0500000US39159,Union County,COUNTY,2014-07-01,55075,,,,CENINT,2024
0500000US39159,Union County,COUNTY,2015-07-01,55990,,,,CENINT,2024
0500000US39159,Union County,COUNTY,2016-07-01,57502,,,,CENINT,2024
0500000US39159,Union County,COUNTY,2017-07-01,59047,,,,CENINT,2024
0500000US39159,Union County,COUNTY,2018-07-01,60345,,,,CENINT,2024
0500000US39159,Union County,COUNTY,2019-07-01,61867,,,,CENINT,2024
0500000US39159,Union County,COUNTY,2020-07-01,63090,,,,CENPEP,2024
0500000US39159,Union County,COUNTY,2021-07-01,65119,,,,CENPEP,2024
0500000US39159,Union County,COUNTY,2022-07-01,66927,,,,CENPEP,2024
0500000US39159,Union County,COUNTY,2023-07-01,69765,,,,CENPEP,2024
0500000US39159,Union County,COUNTY,2024-06-30,71917,,,,MORPC,2025
0500000US39159,Union County,COUNTY,2025-07-01,,66408,69664,62368,MORPC,2022
0500000US39159,Union County,COUNTY,2030-07-01,,72505,80350,63404,MORPC,2022
0500000US39159,Union County,COUNTY,2035-07-01,,78933,92220,63255,MORPC,2022
0500000US39159,Union County,COUNTY,2040-07-01,,84983,105075,62122,MORPC,2022
0500000US39159,Union County,COUNTY,2045-07-01,,90844,118792,60127,MORPC,2022
0500000US39159,Union County,COUNTY,2050-07-01,,96705,133284,57356,MORPC,2022
M110000US391590133699999,Allen,JURIS-COUNTY,2024-01-01,2475,,,,MORPC,2025
M110000US390450163799999,Amanda,JURIS-COUNTY,2024-01-01,2076,,,,MORPC,2025
M110000US3902680129,Ashville,JURIS-COUNTY,2024-01-01,4709,,,,MORPC,2025
M110000US3903758045,Baltimore,JURIS-COUNTY,2024-01-01,3032,,,,MORPC,2025
M110000US3905130091,Bellefontaine,JURIS-COUNTY,2024-01-01,14075,,,,MORPC,2025
M110000US391170550899999,Bennington,JURIS-COUNTY,2024-01-01,3083,,,,MORPC,2025
M110000US390410577499999,Berkshire,JURIS-COUNTY,2024-01-01,7000,,,,MORPC,2025
M110000US390410578899999,Berlin,JURIS-COUNTY,2024-01-01,10217,,,,MORPC,2025
M110000US390450595699999,Berne,JURIS-COUNTY,2024-01-01,4681,,,,MORPC,2025
M110000US3906278049,Bexley,JURIS-COUNTY,2024-01-01,13564,,,,MORPC,2025
M110000US390490692299999,Blendon,JURIS-COUNTY,2024-01-01,7888,,,,MORPC,2025
M110000US390450695099999,Bloom,JURIS-COUNTY,2024-01-01,7754,,,,MORPC,2025
M110000US390490944299999,Brown,JURIS-COUNTY,2024-01-01,2409,,,,MORPC,2025
M110000US390830947099999,Brown,JURIS-COUNTY,2024-01-01,2068,,,,MORPC,2025
M110000US3909890089,Buckeye Lake,JURIS-COUNTY,2024-01-01,2578,,,,MORPC,2025
M110000US390971123499999,Canaan,JURIS-COUNTY,2024-01-01,2630,,,,MORPC,2025
M110000US3911332045,Canal Winchester,JURIS-COUNTY,2024-01-01,2228,,,,MORPC,2025
M110000US3911332049,Canal Winchester,JURIS-COUNTY,2024-01-01,7820,,,,MORPC,2025
M110000US3912084117,Cardington,JURIS-COUNTY,2024-01-01,2127,,,,MORPC,2025
M110000US3914184141,Chillicothe,JURIS-COUNTY,2024-01-01,21653,,,,MORPC,2025
M110000US391291507799999,Circleville,JURIS-COUNTY,2024-01-01,2554,,,,MORPC,2025
M110000US3915070129,Circleville,JURIS-COUNTY,2024-01-01,14134,,,,MORPC,2025
M110000US391011519699999,Claridon,JURIS-COUNTY,2024-01-01,2190,,,,MORPC,2025
M110000US390451568699999,Clearcreek,JURIS-COUNTY,2024-01-01,3538,,,,MORPC,2025
M110000US390491611299999,Clinton,JURIS-COUNTY,2024-01-01,4307,,,,MORPC,2025
M110000US390831614099999,Clinton,JURIS-COUNTY,2024-01-01,2912,,,,MORPC,2025
M110000US3918000041,Columbus,JURIS-COUNTY,2024-01-01,16560,,,,MORPC,2025
M110000US3918000045,Columbus,JURIS-COUNTY,2024-01-01,11220,,,,MORPC,2025
M110000US3918000049,Columbus,JURIS-COUNTY,2024-01-01,884721,,,,MORPC,2025
M110000US3918070129,Commercial Point,JURIS-COUNTY,2024-01-01,4326,,,,MORPC,2025
M110000US390411814099999,Concord,JURIS-COUNTY,2024-01-01,11871,,,,MORPC,2025
M110000US391411823899999,Concord,JURIS-COUNTY,2024-01-01,3600,,,,MORPC,2025
M110000US391171829499999,Congress,JURIS-COUNTY,2024-01-01,3006,,,,MORPC,2025
M110000US3919456127,Crooksville,JURIS-COUNTY,2024-01-01,2432,,,,MORPC,2025
M110000US391292015699999,Darby,JURIS-COUNTY,2024-01-01,3271,,,,MORPC,2025
M110000US391592017099999,Darby,JURIS-COUNTY,2024-01-01,2298,,,,MORPC,2025
M110000US390412144899999,Delaware,JURIS-COUNTY,2024-01-01,2109,,,,MORPC,2025
M110000US3921434041,Delaware,JURIS-COUNTY,2024-01-01,47332,,,,MORPC,2025
M110000US391592248499999,Dover,JURIS-COUNTY,2024-01-01,2434,,,,MORPC,2025
M110000US3922694041,Dublin,JURIS-COUNTY,2024-01-01,4083,,,,MORPC,2025
M110000US3922694049,Dublin,JURIS-COUNTY,2024-01-01,40808,,,,MORPC,2025
M110000US3922694159,Dublin,JURIS-COUNTY,2024-01-01,4751,,,,MORPC,2025
M110000US390892569099999,Etna,JURIS-COUNTY,2024-01-01,10086,,,,MORPC,2025
M110000US390732648899999,Falls,JURIS-COUNTY,2024-01-01,5070,,,,MORPC,2025
M110000US390492828099999,Franklin,JURIS-COUNTY,2024-01-01,10505,,,,MORPC,2025
M110000US390892833699999,Franklin,JURIS-COUNTY,2024-01-01,2154,,,,MORPC,2025
M110000US3928658083,Fredericktown,JURIS-COUNTY,2024-01-01,2674,,,,MORPC,2025
M110000US3929106049,Gahanna,JURIS-COUNTY,2024-01-01,34882,,,,MORPC,2025
M110000US3929246083,Gambier,JURIS-COUNTY,2024-01-01,2235,,,,MORPC,2025
M110000US390412969499999,Genoa,JURIS-COUNTY,2024-01-01,24108,,,,MORPC,2025
M110000US391173012899999,Gilead,JURIS-COUNTY,2024-01-01,2063,,,,MORPC,2025
M110000US3931304049,Grandview Heights,JURIS-COUNTY,2024-01-01,9038,,,,MORPC,2025
M110000US390893141699999,Granville,JURIS-COUNTY,2024-01-01,4395,,,,MORPC,2025
M110000US3931402089,Granville,JURIS-COUNTY,2024-01-01,6064,,,,MORPC,2025
M110000US390733178099999,Green,JURIS-COUNTY,2024-01-01,2585,,,,MORPC,2025
M110000US391413182299999,Green,JURIS-COUNTY,2024-01-01,3854,,,,MORPC,2025
M110000US390453206099999,Greenfield,JURIS-COUNTY,2024-01-01,5280,,,,MORPC,2025
M110000US3932592049,Grove City,JURIS-COUNTY,2024-01-01,42740,,,,MORPC,2025
M110000US3932606049,Groveport,JURIS-COUNTY,2024-01-01,6025,,,,MORPC,2025
M110000US390493302699999,Hamilton,JURIS-COUNTY,2024-01-01,4415,,,,MORPC,2025
M110000US390413351699999,Harlem,JURIS-COUNTY,2024-01-01,4651,,,,MORPC,2025
M110000US391173360099999,Harmony,JURIS-COUNTY,2024-01-01,2670,,,,MORPC,2025
M110000US390893389499999,Harrison,JURIS-COUNTY,2024-01-01,8367,,,,MORPC,2025
M110000US3934748089,Heath,JURIS-COUNTY,2024-01-01,10721,,,,MORPC,2025
M110000US3934790089,Hebron,JURIS-COUNTY,2024-01-01,2506,,,,MORPC,2025
M110000US390833546299999,Hilliar,JURIS-COUNTY,2024-01-01,2111,,,,MORPC,2025
M110000US3935476049,Hilliard,JURIS-COUNTY,2024-01-01,37522,,,,MORPC,2025
M110000US390453581299999,Hocking,JURIS-COUNTY,2024-01-01,4899,,,,MORPC,2025
M110000US391273638699999,Hopewell,JURIS-COUNTY,2024-01-01,2432,,,,MORPC,2025
M110000US390833652699999,Howard,JURIS-COUNTY,2024-01-01,5930,,,,MORPC,2025
M110000US391413689099999,Huntington,JURIS-COUNTY,2024-01-01,5957,,,,MORPC,2025
M110000US390493777299999,Jackson,JURIS-COUNTY,2024-01-01,4157,,,,MORPC,2025
M110000US391273796899999,Jackson,JURIS-COUNTY,2024-01-01,2051,,,,MORPC,2025
M110000US390493861299999,Jefferson,JURIS-COUNTY,2024-01-01,14932,,,,MORPC,2025
M110000US390913868299999,Jefferson,JURIS-COUNTY,2024-01-01,2004,,,,MORPC,2025
M110000US390973869699999,Jefferson,JURIS-COUNTY,2024-01-01,3058,,,,MORPC,2025
M110000US391593904699999,Jerome,JURIS-COUNTY,2024-01-01,12310,,,,MORPC,2025
M110000US390893910299999,Jersey,JURIS-COUNTY,2024-01-01,2167,,,,MORPC,2025
M110000US3939340089,Johnstown,JURIS-COUNTY,2024-01-01,5541,,,,MORPC,2025
M110000US390414036299999,Kingston,JURIS-COUNTY,2024-01-01,2423,,,,MORPC,2025
M110000US3941720045,Lancaster,JURIS-COUNTY,2024-01-01,41257,,,,MORPC,2025
M110000US390414310699999,Liberty,JURIS-COUNTY,2024-01-01,21473,,,,MORPC,2025
M110000US390454312099999,Liberty,JURIS-COUNTY,2024-01-01,5346,,,,MORPC,2025
M110000US390894323299999,Liberty,JURIS-COUNTY,2024-01-01,2822,,,,MORPC,2025
M110000US391414330299999,Liberty,JURIS-COUNTY,2024-01-01,2575,,,,MORPC,2025
M110000US391594335899999,Liberty,JURIS-COUNTY,2024-01-01,2139,,,,MORPC,2025
M110000US390894345699999,Licking,JURIS-COUNTY,2024-01-01,4957,,,,MORPC,2025
M110000US3944086045,Lithopolis,JURIS-COUNTY,2024-01-01,2551,,,,MORPC,2025
M110000US3944632073,Logan,JURIS-COUNTY,2024-01-01,7244,,,,MORPC,2025
M110000US3944674097,London,JURIS-COUNTY,2024-01-01,10402,,,,MORPC,2025
M110000US390494641099999,Madison,JURIS-COUNTY,2024-01-01,10759,,,,MORPC,2025
M110000US390894650899999,Madison,JURIS-COUNTY,2024-01-01,3243,,,,MORPC,2025
M110000US390734774099999,Marion,JURIS-COUNTY,2024-01-01,2443,,,,MORPC,2025
M110000US391014776899999,Marion,JURIS-COUNTY,2024-01-01,7706,,,,MORPC,2025
M110000US3947754101,Marion,JURIS-COUNTY,2024-01-01,35643,,,,MORPC,2025
M110000US390894813299999,Mary Ann,JURIS-COUNTY,2024-01-01,2162,,,,MORPC,2025
M110000US3948160159,Marysville,JURIS-COUNTY,2024-01-01,28679,,,,MORPC,2025
M110000US390495006499999,Mifflin,JURIS-COUNTY,2024-01-01,2535,,,,MORPC,2025
M110000US3950862049,Minerva Park,JURIS-COUNTY,2024-01-01,2216,,,,MORPC,2025
M110000US390835143699999,Monroe,JURIS-COUNTY,2024-01-01,2362,,,,MORPC,2025
M110000US390895145099999,Monroe,JURIS-COUNTY,2024-01-01,2622,,,,MORPC,2025
M110000US390835229099999,Morris,JURIS-COUNTY,2024-01-01,2118,,,,MORPC,2025
M110000US3952738117,Mount Gilead,JURIS-COUNTY,2024-01-01,3583,,,,MORPC,2025
M110000US3953102083,Mount Vernon,JURIS-COUNTY,2024-01-01,17135,,,,MORPC,2025
M110000US3953970049,New Albany,JURIS-COUNTY,2024-01-01,11043,,,,MORPC,2025
M110000US3954866127,New Lexington,JURIS-COUNTY,2024-01-01,4460,,,,MORPC,2025
M110000US390895405499999,Newark,JURIS-COUNTY,2024-01-01,2150,,,,MORPC,2025
M110000US3954040089,Newark,JURIS-COUNTY,2024-01-01,51398,,,,MORPC,2025
M110000US390895558099999,Newton,JURIS-COUNTY,2024-01-01,2895,,,,MORPC,2025
M110000US390495734499999,Norwich,JURIS-COUNTY,2024-01-01,4004,,,,MORPC,2025
M110000US3957862049,Obetz,JURIS-COUNTY,2024-01-01,6227,,,,MORPC,2025
M110000US390415861899999,Orange,JURIS-COUNTY,2024-01-01,31477,,,,MORPC,2025
M110000US3961112089,Pataskala,JURIS-COUNTY,2024-01-01,18832,,,,MORPC,2025
M110000US390496184099999,Perry,JURIS-COUNTY,2024-01-01,4144,,,,MORPC,2025
M110000US391176198099999,Perry,JURIS-COUNTY,2024-01-01,2016,,,,MORPC,2025
M110000US391296248499999,Pickaway,JURIS-COUNTY,2024-01-01,2121,,,,MORPC,2025
M110000US3962498045,Pickerington,JURIS-COUNTY,2024-01-01,26048,,,,MORPC,2025
M110000US391276268099999,Pike,JURIS-COUNTY,2024-01-01,2266,,,,MORPC,2025
M110000US3963030097,Plain City,JURIS-COUNTY,2024-01-01,4073,,,,MORPC,2025
M110000US390456324099999,Pleasant,JURIS-COUNTY,2024-01-01,5757,,,,MORPC,2025
M110000US390496325499999,Pleasant,JURIS-COUNTY,2024-01-01,6270,,,,MORPC,2025
M110000US391016335299999,Pleasant,JURIS-COUNTY,2024-01-01,4961,,,,MORPC,2025
M110000US390416417899999,Porter,JURIS-COUNTY,2024-01-01,2210,,,,MORPC,2025
M110000US3964486041,Powell,JURIS-COUNTY,2024-01-01,15452,,,,MORPC,2025
M110000US390496457099999,Prairie,JURIS-COUNTY,2024-01-01,16903,,,,MORPC,2025
M110000US391276576099999,Reading,JURIS-COUNTY,2024-01-01,2893,,,,MORPC,2025
M110000US3966390049,Reynoldsburg,JURIS-COUNTY,2024-01-01,29016,,,,MORPC,2025
M110000US3966390089,Reynoldsburg,JURIS-COUNTY,2024-01-01,10454,,,,MORPC,2025
M110000US3966936159,Richwood,JURIS-COUNTY,2024-01-01,2352,,,,MORPC,2025
M110000US390456912099999,Rush Creek,JURIS-COUNTY,2024-01-01,2625,,,,MORPC,2025
M110000US391297018499999,Saltcreek,JURIS-COUNTY,2024-01-01,2597,,,,MORPC,2025
M110000US390417084299999,Scioto,JURIS-COUNTY,2024-01-01,2750,,,,MORPC,2025
M110000US391297087099999,Scioto,JURIS-COUNTY,2024-01-01,8621,,,,MORPC,2025
M110000US391417089899999,Scioto,JURIS-COUNTY,2024-01-01,5724,,,,MORPC,2025
M110000US390977296099999,Somerford,JURIS-COUNTY,2024-01-01,3052,,,,MORPC,2025
M110000US3973068129,South Bloomfield,JURIS-COUNTY,2024-01-01,2917,,,,MORPC,2025
M110000US391417412999999,Springfield,JURIS-COUNTY,2024-01-01,2512,,,,MORPC,2025
M110000US390896945699999,St. Albans,JURIS-COUNTY,2024-01-01,2100,,,,MORPC,2025
M110000US390917478099999,Stokes,JURIS-COUNTY,2024-01-01,3355,,,,MORPC,2025
M110000US3975602041,Sunbury,JURIS-COUNTY,2024-01-01,7752,,,,MORPC,2025
M110000US391277665999999,Thorn,JURIS-COUNTY,2024-01-01,3488,,,,MORPC,2025
M110000US390417733699999,Trenton,JURIS-COUNTY,2024-01-01,2272,,,,MORPC,2025
M110000US390417756099999,Troy,JURIS-COUNTY,2024-01-01,2077,,,,MORPC,2025
M110000US391417800899999,Twin,JURIS-COUNTY,2024-01-01,3428,,,,MORPC,2025
M110000US390477831699999,Union,JURIS-COUNTY,2024-01-01,3573,,,,MORPC,2025
M110000US390897840099999,Union,JURIS-COUNTY,2024-01-01,4389,,,,MORPC,2025
M110000US390977842899999,Union,JURIS-COUNTY,2024-01-01,5897,,,,MORPC,2025
M110000US391417854099999,Union,JURIS-COUNTY,2024-01-01,13064,,,,MORPC,2025
M110000US3979002049,Upper Arlington,JURIS-COUNTY,2024-01-01,36089,,,,MORPC,2025
M110000US3979114089,Utica,JURIS-COUNTY,2024-01-01,2089,,,,MORPC,2025
M110000US390458020699999,Violet,JURIS-COUNTY,2024-01-01,21943,,,,MORPC,2025
M110000US390458057099999,Walnut,JURIS-COUNTY,2024-01-01,4815,,,,MORPC,2025
M110000US391298059899999,Walnut,JURIS-COUNTY,2024-01-01,3036,,,,MORPC,2025
M110000US390918142499999,Washington,JURIS-COUNTY,2024-01-01,2024,,,,MORPC,2025
M110000US391298155099999,Washington,JURIS-COUNTY,2024-01-01,3029,,,,MORPC,2025
M110000US3981718047,Washington Court House,JURIS-COUNTY,2024-01-01,14327,,,,MORPC,2025
M110000US3983580097,West Jefferson,JURIS-COUNTY,2024-01-01,4183,,,,MORPC,2025
M110000US3983342041,Westerville,JURIS-COUNTY,2024-01-01,8876,,,,MORPC,2025
M110000US3983342049,Westerville,JURIS-COUNTY,2024-01-01,29351,,,,MORPC,2025
M110000US3984742049,Whitehall,JURIS-COUNTY,2024-01-01,19595,,,,MORPC,2025
M110000US3986604049,Worthington,JURIS-COUNTY,2024-01-01,14421,,,,MORPC,2025
1600000US3902680,Ashville,PLACE,2000-07-01,3269,,,,CENINT,2012
1600000US3902680,Ashville,PLACE,2001-07-01,3318,,,,CENINT,2012
1600000US3902680,Ashville,PLACE,2002-07-01,3411,,,,CENINT,2012
1600000US3902680,Ashville,PLACE,2003-07-01,3458,,,,CENINT,2012
1600000US3902680,Ashville,PLACE,2004-07-01,3555,,,,CENINT,2012
1600000US3902680,Ashville,PLACE,2005-07-01,3662,,,,CENINT,2012
1600000US3902680,Ashville,PLACE,2006-07-01,3783,,,,CENINT,2012
1600000US3902680,Ashville,PLACE,2007-07-01,3883,,,,CENINT,2012
1600000US3902680,Ashville,PLACE,2008-07-01,3961,,,,CENINT,2012
1600000US3902680,Ashville,PLACE,2009-07-01,4031,,,,CENINT,2012
1600000US3902680,Ashville,PLACE,2010-07-01,4046,,,,CENINT,2024
1600000US3902680,Ashville,PLACE,2011-07-01,4066,,,,CENINT,2024
1600000US3902680,Ashville,PLACE,2012-07-01,4065,,,,CENINT,2024
1600000US3902680,Ashville,PLACE,2013-07-01,4067,,,,CENINT,2024
1600000US3902680,Ashville,PLACE,2014-07-01,4102,,,,CENINT,2024
1600000US3902680,Ashville,PLACE,2015-07-01,4155,,,,CENINT,2024
1600000US3902680,Ashville,PLACE,2016-07-01,4166,,,,CENINT,2024
1600000US3902680,Ashville,PLACE,2017-07-01,4200,,,,CENINT,2024
1600000US3902680,Ashville,PLACE,2018-07-01,4363,,,,CENINT,2024
1600000US3902680,Ashville,PLACE,2019-07-01,4460,,,,CENINT,2024
1600000US3902680,Ashville,PLACE,2020-07-01,4552,,,,CENPEP,2024
1600000US3902680,Ashville,PLACE,2021-07-01,4620,,,,CENPEP,2024
1600000US3902680,Ashville,PLACE,2022-07-01,4613,,,,CENPEP,2024
1600000US3902680,Ashville,PLACE,2023-07-01,4681,,,,CENPEP,2024
1600000US3903758,Baltimore,PLACE,2000-07-01,2880,,,,CENINT,2012
1600000US3903758,Baltimore,PLACE,2001-07-01,2904,,,,CENINT,2012
1600000US3903758,Baltimore,PLACE,2002-07-01,2929,,,,CENINT,2012
1600000US3903758,Baltimore,PLACE,2003-07-01,2960,,,,CENINT,2012
1600000US3903758,Baltimore,PLACE,2004-07-01,2989,,,,CENINT,2012
1600000US3903758,Baltimore,PLACE,2005-07-01,3005,,,,CENINT,2012
1600000US3903758,Baltimore,PLACE,2006-07-01,3014,,,,CENINT,2012
1600000US3903758,Baltimore,PLACE,2007-07-01,3010,,,,CENINT,2012
1600000US3903758,Baltimore,PLACE,2008-07-01,2993,,,,CENINT,2012
1600000US3903758,Baltimore,PLACE,2009-07-01,2980,,,,CENINT,2012
1600000US3903758,Baltimore,PLACE,2010-07-01,2988,,,,CENINT,2024
1600000US3903758,Baltimore,PLACE,2011-07-01,2988,,,,CENINT,2024
1600000US3903758,Baltimore,PLACE,2012-07-01,2974,,,,CENINT,2024
1600000US3903758,Baltimore,PLACE,2013-07-01,2961,,,,CENINT,2024
1600000US3903758,Baltimore,PLACE,2014-07-01,2962,,,,CENINT,2024
1600000US3903758,Baltimore,PLACE,2015-07-01,2958,,,,CENINT,2024
1600000US3903758,Baltimore,PLACE,2016-07-01,2962,,,,CENINT,2024
1600000US3903758,Baltimore,PLACE,2017-07-01,2968,,,,CENINT,2024
1600000US3903758,Baltimore,PLACE,2018-07-01,2965,,,,CENINT,2024
1600000US3903758,Baltimore,PLACE,2019-07-01,2969,,,,CENINT,2024
1600000US3903758,Baltimore,PLACE,2020-07-01,3042,,,,CENPEP,2024
1600000US3903758,Baltimore,PLACE,2021-07-01,3041,,,,CENPEP,2024
1600000US3903758,Baltimore,PLACE,2022-07-01,3044,,,,CENPEP,2024
1600000US3903758,Baltimore,PLACE,2023-07-01,3054,,,,CENPEP,2024
1600000US3905130,Bellefontaine,PLACE,2000-07-01,13108,,,,CENINT,2012
1600000US3905130,Bellefontaine,PLACE,2001-07-01,13104,,,,CENINT,2012
1600000US3905130,Bellefontaine,PLACE,2002-07-01,13199,,,,CENINT,2012
1600000US3905130,Bellefontaine,PLACE,2003-07-01,13278,,,,CENINT,2012
1600000US3905130,Bellefontaine,PLACE,2004-07-01,13306,,,,CENINT,2012
1600000US3905130,Bellefontaine,PLACE,2005-07-01,13285,,,,CENINT,2012
1600000US3905130,Bellefontaine,PLACE,2006-07-01,13267,,,,CENINT,2012
1600000US3905130,Bellefontaine,PLACE,2007-07-01,13370,,,,CENINT,2012
1600000US3905130,Bellefontaine,PLACE,2008-07-01,13389,,,,CENINT,2012
1600000US3905130,Bellefontaine,PLACE,2009-07-01,13405,,,,CENINT,2012
1600000US3905130,Bellefontaine,PLACE,2010-07-01,13361,,,,CENINT,2024
1600000US3905130,Bellefontaine,PLACE,2011-07-01,13413,,,,CENINT,2024
1600000US3905130,Bellefontaine,PLACE,2012-07-01,13436,,,,CENINT,2024
1600000US3905130,Bellefontaine,PLACE,2013-07-01,13525,,,,CENINT,2024
1600000US3905130,Bellefontaine,PLACE,2014-07-01,13631,,,,CENINT,2024
1600000US3905130,Bellefontaine,PLACE,2015-07-01,13656,,,,CENINT,2024
1600000US3905130,Bellefontaine,PLACE,2016-07-01,13712,,,,CENINT,2024
1600000US3905130,Bellefontaine,PLACE,2017-07-01,13813,,,,CENINT,2024
1600000US3905130,Bellefontaine,PLACE,2018-07-01,13924,,,,CENINT,2024
1600000US3905130,Bellefontaine,PLACE,2019-07-01,14097,,,,CENINT,2024
1600000US3905130,Bellefontaine,PLACE,2020-07-01,14112,,,,CENPEP,2024
1600000US3905130,Bellefontaine,PLACE,2021-07-01,14120,,,,CENPEP,2024
1600000US3905130,Bellefontaine,PLACE,2022-07-01,14073,,,,CENPEP,2024
1600000US3905130,Bellefontaine,PLACE,2023-07-01,14067,,,,CENPEP,2024
1600000US3906278,Bexley,PLACE,2000-07-01,13172,,,,CENINT,2012
1600000US3906278,Bexley,PLACE,2001-07-01,13174,,,,CENINT,2012
1600000US3906278,Bexley,PLACE,2002-07-01,13122,,,,CENINT,2012
1600000US3906278,Bexley,PLACE,2003-07-01,13095,,,,CENINT,2012
1600000US3906278,Bexley,PLACE,2004-07-01,13020,,,,CENINT,2012
1600000US3906278,Bexley,PLACE,2005-07-01,12957,,,,CENINT,2012
1600000US3906278,Bexley,PLACE,2006-07-01,12969,,,,CENINT,2012
1600000US3906278,Bexley,PLACE,2007-07-01,12974,,,,CENINT,2012
1600000US3906278,Bexley,PLACE,2008-07-01,13013,,,,CENINT,2012
1600000US3906278,Bexley,PLACE,2009-07-01,13052,,,,CENINT,2012
1600000US3906278,Bexley,PLACE,2010-07-01,13067,,,,CENINT,2024
1600000US3906278,Bexley,PLACE,2011-07-01,13212,,,,CENINT,2024
1600000US3906278,Bexley,PLACE,2012-07-01,13365,,,,CENINT,2024
1600000US3906278,Bexley,PLACE,2013-07-01,13591,,,,CENINT,2024
1600000US3906278,Bexley,PLACE,2014-07-01,13676,,,,CENINT,2024
1600000US3906278,Bexley,PLACE,2015-07-01,13825,,,,CENINT,2024
1600000US3906278,Bexley,PLACE,2016-07-01,13890,,,,CENINT,2024
1600000US3906278,Bexley,PLACE,2017-07-01,13950,,,,CENINT,2024
1600000US3906278,Bexley,PLACE,2018-07-01,13969,,,,CENINT,2024
1600000US3906278,Bexley,PLACE,2019-07-01,13933,,,,CENINT,2024
1600000US3906278,Bexley,PLACE,2020-07-01,13904,,,,CENPEP,2024
1600000US3906278,Bexley,PLACE,2021-07-01,13064,,,,CENPEP,2024
1600000US3906278,Bexley,PLACE,2022-07-01,12936,,,,CENPEP,2024
1600000US3906278,Bexley,PLACE,2023-07-01,12890,,,,CENPEP,2024
1600000US3909890,Buckeye Lake,PLACE,2000-07-01,3049,,,,CENINT,2012
1600000US3909890,Buckeye Lake,PLACE,2001-07-01,3016,,,,CENINT,2012
1600000US3909890,Buckeye Lake,PLACE,2002-07-01,2980,,,,CENINT,2012
1600000US3909890,Buckeye Lake,PLACE,2003-07-01,2957,,,,CENINT,2012
1600000US3909890,Buckeye Lake,PLACE,2004-07-01,2938,,,,CENINT,2012
1600000US3909890,Buckeye Lake,PLACE,2005-07-01,2917,,,,CENINT,2012
1600000US3909890,Buckeye Lake,PLACE,2006-07-01,2890,,,,CENINT,2012
1600000US3909890,Buckeye Lake,PLACE,2007-07-01,2860,,,,CENINT,2012
1600000US3909890,Buckeye Lake,PLACE,2008-07-01,2819,,,,CENINT,2012
1600000US3909890,Buckeye Lake,PLACE,2009-07-01,2775,,,,CENINT,2012
1600000US3909890,Buckeye Lake,PLACE,2010-07-01,2736,,,,CENINT,2024
1600000US3909890,Buckeye Lake,PLACE,2011-07-01,2698,,,,CENINT,2024
1600000US3909890,Buckeye Lake,PLACE,2012-07-01,2653,,,,CENINT,2024
1600000US3909890,Buckeye Lake,PLACE,2013-07-01,2634,,,,CENINT,2024
1600000US3909890,Buckeye Lake,PLACE,2014-07-01,2611,,,,CENINT,2024
1600000US3909890,Buckeye Lake,PLACE,2015-07-01,2591,,,,CENINT,2024
1600000US3909890,Buckeye Lake,PLACE,2016-07-01,2575,,,,CENINT,2024
1600000US3909890,Buckeye Lake,PLACE,2017-07-01,2556,,,,CENINT,2024
1600000US3909890,Buckeye Lake,PLACE,2018-07-01,2549,,,,CENINT,2024
1600000US3909890,Buckeye Lake,PLACE,2019-07-01,2535,,,,CENINT,2024
1600000US3909890,Buckeye Lake,PLACE,2020-07-01,2520,,,,CENPEP,2024
1600000US3909890,Buckeye Lake,PLACE,2021-07-01,2543,,,,CENPEP,2024
1600000US3909890,Buckeye Lake,PLACE,2022-07-01,2553,,,,CENPEP,2024
1600000US3909890,Buckeye Lake,PLACE,2023-07-01,2563,,,,CENPEP,2024
1600000US3911332,Canal Winchester,PLACE,2000-07-01,4648,,,,CENINT,2012
1600000US3911332,Canal Winchester,PLACE,2001-07-01,4908,,,,CENINT,2012
1600000US3911332,Canal Winchester,PLACE,2002-07-01,5148,,,,CENINT,2012
1600000US3911332,Canal Winchester,PLACE,2003-07-01,5390,,,,CENINT,2012
1600000US3911332,Canal Winchester,PLACE,2004-07-01,5624,,,,CENINT,2012
1600000US3911332,Canal Winchester,PLACE,2005-07-01,5859,,,,CENINT,2012
1600000US3911332,Canal Winchester,PLACE,2006-07-01,6115,,,,CENINT,2012
1600000US3911332,Canal Winchester,PLACE,2007-07-01,6372,,,,CENINT,2012
1600000US3911332,Canal Winchester,PLACE,2008-07-01,6641,,,,CENINT,2012
1600000US3911332,Canal Winchester,PLACE,2009-07-01,6913,,,,CENINT,2012
1600000US3911332,Canal Winchester,PLACE,2010-07-01,7144,,,,CENINT,2024
1600000US3911332,Canal Winchester,PLACE,2011-07-01,7292,,,,CENINT,2024
1600000US3911332,Canal Winchester,PLACE,2012-07-01,7444,,,,CENINT,2024
1600000US3911332,Canal Winchester,PLACE,2013-07-01,7615,,,,CENINT,2024
1600000US3911332,Canal Winchester,PLACE,2014-07-01,7794,,,,CENINT,2024
1600000US3911332,Canal Winchester,PLACE,2015-07-01,7907,,,,CENINT,2024
1600000US3911332,Canal Winchester,PLACE,2016-07-01,8011,,,,CENINT,2024
1600000US3911332,Canal Winchester,PLACE,2017-07-01,8361,,,,CENINT,2024
1600000US3911332,Canal Winchester,PLACE,2018-07-01,8644,,,,CENINT,2024
1600000US3911332,Canal Winchester,PLACE,2019-07-01,8879,,,,CENINT,2024
1600000US3911332,Canal Winchester,PLACE,2020-07-01,9197,,,,CENPEP,2024
1600000US3911332,Canal Winchester,PLACE,2021-07-01,9525,,,,CENPEP,2024
1600000US3911332,Canal Winchester,PLACE,2022-07-01,9695,,,,CENPEP,2024
1600000US3911332,Canal Winchester,PLACE,2023-07-01,9847,,,,CENPEP,2024
1600000US3912084,Cardington,PLACE,2000-07-01,1880,,,,CENINT,2012
1600000US3912084,Cardington,PLACE,2001-07-01,1916,,,,CENINT,2012
1600000US3912084,Cardington,PLACE,2002-07-01,1946,,,,CENINT,2012
1600000US3912084,Cardington,PLACE,2003-07-01,1979,,,,CENINT,2012
1600000US3912084,Cardington,PLACE,2004-07-01,2006,,,,CENINT,2012
1600000US3912084,Cardington,PLACE,2005-07-01,2020,,,,CENINT,2012
1600000US3912084,Cardington,PLACE,2006-07-01,2035,,,,CENINT,2012
1600000US3912084,Cardington,PLACE,2007-07-01,2057,,,,CENINT,2012
1600000US3912084,Cardington,PLACE,2008-07-01,2051,,,,CENINT,2012
1600000US3912084,Cardington,PLACE,2009-07-01,2052,,,,CENINT,2012
1600000US3912084,Cardington,PLACE,2010-07-01,2043,,,,CENINT,2024
1600000US3912084,Cardington,PLACE,2011-07-01,2043,,,,CENINT,2024
1600000US3912084,Cardington,PLACE,2012-07-01,2044,,,,CENINT,2024
1600000US3912084,Cardington,PLACE,2013-07-01,2042,,,,CENINT,2024
1600000US3912084,Cardington,PLACE,2014-07-01,2048,,,,CENINT,2024
1600000US3912084,Cardington,PLACE,2015-07-01,2047,,,,CENINT,2024
1600000US3912084,Cardington,PLACE,2016-07-01,2045,,,,CENINT,2024
1600000US3912084,Cardington,PLACE,2017-07-01,2047,,,,CENINT,2024
1600000US3912084,Cardington,PLACE,2018-07-01,2058,,,,CENINT,2024
1600000US3912084,Cardington,PLACE,2019-07-01,2075,,,,CENINT,2024
1600000US3912084,Cardington,PLACE,2020-07-01,2081,,,,CENPEP,2024
1600000US3912084,Cardington,PLACE,2021-07-01,2083,,,,CENPEP,2024
1600000US3912084,Cardington,PLACE,2022-07-01,2086,,,,CENPEP,2024
1600000US3912084,Cardington,PLACE,2023-07-01,2101,,,,CENPEP,2024
1600000US3914184,Chillicothe,PLACE,2000-07-01,22011,,,,CENINT,2012
1600000US3914184,Chillicothe,PLACE,2001-07-01,21993,,,,CENINT,2012
1600000US3914184,Chillicothe,PLACE,2002-07-01,22031,,,,CENINT,2012
1600000US3914184,Chillicothe,PLACE,2003-07-01,21985,,,,CENINT,2012
1600000US3914184,Chillicothe,PLACE,2004-07-01,21923,,,,CENINT,2012
1600000US3914184,Chillicothe,PLACE,2005-07-01,21971,,,,CENINT,2012
1600000US3914184,Chillicothe,PLACE,2006-07-01,22025,,,,CENINT,2012
1600000US3914184,Chillicothe,PLACE,2007-07-01,22061,,,,CENINT,2012
1600000US3914184,Chillicothe,PLACE,2008-07-01,22027,,,,CENINT,2012
1600000US3914184,Chillicothe,PLACE,2009-07-01,21937,,,,CENINT,2012
1600000US3914184,Chillicothe,PLACE,2010-07-01,21912,,,,CENINT,2024
1600000US3914184,Chillicothe,PLACE,2011-07-01,21903,,,,CENINT,2024
1600000US3914184,Chillicothe,PLACE,2012-07-01,21940,,,,CENINT,2024
1600000US3914184,Chillicothe,PLACE,2013-07-01,21979,,,,CENINT,2024
1600000US3914184,Chillicothe,PLACE,2014-07-01,21939,,,,CENINT,2024
1600000US3914184,Chillicothe,PLACE,2015-07-01,21979,,,,CENINT,2024
1600000US3914184,Chillicothe,PLACE,2016-07-01,21957,,,,CENINT,2024
1600000US3914184,Chillicothe,PLACE,2017-07-01,21959,,,,CENINT,2024
1600000US3914184,Chillicothe,PLACE,2018-07-01,22016,,,,CENINT,2024
1600000US3914184,Chillicothe,PLACE,2019-07-01,22068,,,,CENINT,2024
1600000US3914184,Chillicothe,PLACE,2020-07-01,22041,,,,CENPEP,2024
1600000US3914184,Chillicothe,PLACE,2021-07-01,22004,,,,CENPEP,2024
1600000US3914184,Chillicothe,PLACE,2022-07-01,21891,,,,CENPEP,2024
1600000US3914184,Chillicothe,PLACE,2023-07-01,21853,,,,CENPEP,2024
1600000US3915070,Circleville,PLACE,2000-07-01,13515,,,,CENINT,2012
1600000US3915070,Circleville,PLACE,2001-07-01,13334,,,,CENINT,2012
1600000US3915070,Circleville,PLACE,2002-07-01,13251,,,,CENINT,2012
1600000US3915070,Circleville,PLACE,2003-07-01,13133,,,,CENINT,2012
1600000US3915070,Circleville,PLACE,2004-07-01,13136,,,,CENINT,2012
1600000US3915070,Circleville,PLACE,2005-07-01,13206,,,,CENINT,2012
1600000US3915070,Circleville,PLACE,2006-07-01,13348,,,,CENINT,2012
1600000US3915070,Circleville,PLACE,2007-07-01,13426,,,,CENINT,2012
1600000US3915070,Circleville,PLACE,2008-07-01,13395,,,,CENINT,2012
1600000US3915070,Circleville,PLACE,2009-07-01,13307,,,,CENINT,2012
1600000US3915070,Circleville,PLACE,2010-07-01,13489,,,,CENINT,2024
1600000US3915070,Circleville,PLACE,2011-07-01,13541,,,,CENINT,2024
1600000US3915070,Circleville,PLACE,2012-07-01,13528,,,,CENINT,2024
1600000US3915070,Circleville,PLACE,2013-07-01,13567,,,,CENINT,2024
1600000US3915070,Circleville,PLACE,2014-07-01,13612,,,,CENINT,2024
1600000US3915070,Circleville,PLACE,2015-07-01,13706,,,,CENINT,2024
1600000US3915070,Circleville,PLACE,2016-07-01,13716,,,,CENINT,2024
1600000US3915070,Circleville,PLACE,2017-07-01,13769,,,,CENINT,2024
1600000US3915070,Circleville,PLACE,2018-07-01,13802,,,,CENINT,2024
1600000US3915070,Circleville,PLACE,2019-07-01,13856,,,,CENINT,2024
1600000US3915070,Circleville,PLACE,2020-07-01,13952,,,,CENPEP,2024
1600000US3915070,Circleville,PLACE,2021-07-01,14094,,,,CENPEP,2024
1600000US3915070,Circleville,PLACE,2022-07-01,14056,,,,CENPEP,2024
1600000US3915070,Circleville,PLACE,2023-07-01,14223,,,,CENPEP,2024
1600000US3918000,Columbus,PLACE,2000-07-01,714905,,,,CENINT,2012
1600000US3918000,Columbus,PLACE,2001-07-01,723364,,,,CENINT,2012
1600000US3918000,Columbus,PLACE,2002-07-01,728476,,,,CENINT,2012
1600000US3918000,Columbus,PLACE,2003-07-01,734215,,,,CENINT,2012
1600000US3918000,Columbus,PLACE,2004-07-01,738386,,,,CENINT,2012
1600000US3918000,Columbus,PLACE,2005-07-01,743511,,,,CENINT,2012
1600000US3918000,Columbus,PLACE,2006-07-01,751685,,,,CENINT,2012
1600000US3918000,Columbus,PLACE,2007-07-01,760224,,,,CENINT,2012
1600000US3918000,Columbus,PLACE,2008-07-01,770530,,,,CENINT,2012
1600000US3918000,Columbus,PLACE,2009-07-01,780950,,,,CENINT,2012
1600000US3918000,Columbus,PLACE,2010-07-01,791002,,,,CENINT,2024
1600000US3918000,Columbus,PLACE,2011-07-01,800983,,,,CENINT,2024
1600000US3918000,Columbus,PLACE,2012-07-01,813426,,,,CENINT,2024
1600000US3918000,Columbus,PLACE,2013-07-01,828793,,,,CENINT,2024
1600000US3918000,Columbus,PLACE,2014-07-01,842978,,,,CENINT,2024
1600000US3918000,Columbus,PLACE,2015-07-01,856566,,,,CENINT,2024
1600000US3918000,Columbus,PLACE,2016-07-01,868922,,,,CENINT,2024
1600000US3918000,Columbus,PLACE,2017-07-01,884037,,,,CENINT,2024
1600000US3918000,Columbus,PLACE,2018-07-01,893479,,,,CENINT,2024
1600000US3918000,Columbus,PLACE,2019-07-01,902185,,,,CENINT,2024
1600000US3918000,Columbus,PLACE,2020-07-01,906466,,,,CENPEP,2024
1600000US3918000,Columbus,PLACE,2021-07-01,902862,,,,CENPEP,2024
1600000US3918000,Columbus,PLACE,2022-07-01,911227,,,,CENPEP,2024
1600000US3918000,Columbus,PLACE,2023-07-01,920569,,,,CENPEP,2024
1600000US3918070,Commercial Point,PLACE,2000-07-01,800,,,,CENINT,2012
1600000US3918070,Commercial Point,PLACE,2001-07-01,871,,,,CENINT,2012
1600000US3918070,Commercial Point,PLACE,2002-07-01,952,,,,CENINT,2012
1600000US3918070,Commercial Point,PLACE,2003-07-01,1021,,,,CENINT,2012
1600000US3918070,Commercial Point,PLACE,2004-07-01,1104,,,,CENINT,2012
1600000US3918070,Commercial Point,PLACE,2005-07-01,1191,,,,CENINT,2012
1600000US3918070,Commercial Point,PLACE,2006-07-01,1283,,,,CENINT,2012
1600000US3918070,Commercial Point,PLACE,2007-07-01,1368,,,,CENINT,2012
1600000US3918070,Commercial Point,PLACE,2008-07-01,1446,,,,CENINT,2012
1600000US3918070,Commercial Point,PLACE,2009-07-01,1521,,,,CENINT,2012
1600000US3918070,Commercial Point,PLACE,2010-07-01,1643,,,,CENINT,2024
1600000US3918070,Commercial Point,PLACE,2011-07-01,1788,,,,CENINT,2024
1600000US3918070,Commercial Point,PLACE,2012-07-01,1924,,,,CENINT,2024
1600000US3918070,Commercial Point,PLACE,2013-07-01,2058,,,,CENINT,2024
1600000US3918070,Commercial Point,PLACE,2014-07-01,2208,,,,CENINT,2024
1600000US3918070,Commercial Point,PLACE,2015-07-01,2364,,,,CENINT,2024
1600000US3918070,Commercial Point,PLACE,2016-07-01,2512,,,,CENINT,2024
1600000US3918070,Commercial Point,PLACE,2017-07-01,2660,,,,CENINT,2024
1600000US3918070,Commercial Point,PLACE,2018-07-01,2809,,,,CENINT,2024
1600000US3918070,Commercial Point,PLACE,2019-07-01,2959,,,,CENINT,2024
1600000US3918070,Commercial Point,PLACE,2020-07-01,3092,,,,CENPEP,2024
1600000US3918070,Commercial Point,PLACE,2021-07-01,3131,,,,CENPEP,2024
1600000US3918070,Commercial Point,PLACE,2022-07-01,3126,,,,CENPEP,2024
1600000US3918070,Commercial Point,PLACE,2023-07-01,3170,,,,CENPEP,2024
1600000US3919456,Crooksville,PLACE,2000-07-01,2541,,,,CENINT,2012
1600000US3919456,Crooksville,PLACE,2001-07-01,2546,,,,CENINT,2012
1600000US3919456,Crooksville,PLACE,2002-07-01,2549,,,,CENINT,2012
1600000US3919456,Crooksville,PLACE,2003-07-01,2556,,,,CENINT,2012
1600000US3919456,Crooksville,PLACE,2004-07-01,2553,,,,CENINT,2012
1600000US3919456,Crooksville,PLACE,2005-07-01,2548,,,,CENINT,2012
1600000US3919456,Crooksville,PLACE,2006-07-01,2546,,,,CENINT,2012
1600000US3919456,Crooksville,PLACE,2007-07-01,2541,,,,CENINT,2012
1600000US3919456,Crooksville,PLACE,2008-07-01,2567,,,,CENINT,2012
1600000US3919456,Crooksville,PLACE,2009-07-01,2541,,,,CENINT,2012
1600000US3919456,Crooksville,PLACE,2010-07-01,2531,,,,CENINT,2024
1600000US3919456,Crooksville,PLACE,2011-07-01,2535,,,,CENINT,2024
1600000US3919456,Crooksville,PLACE,2012-07-01,2507,,,,CENINT,2024
1600000US3919456,Crooksville,PLACE,2013-07-01,2496,,,,CENINT,2024
1600000US3919456,Crooksville,PLACE,2014-07-01,2482,,,,CENINT,2024
1600000US3919456,Crooksville,PLACE,2015-07-01,2471,,,,CENINT,2024
1600000US3919456,Crooksville,PLACE,2016-07-01,2459,,,,CENINT,2024
1600000US3919456,Crooksville,PLACE,2017-07-01,2443,,,,CENINT,2024
1600000US3919456,Crooksville,PLACE,2018-07-01,2433,,,,CENINT,2024
1600000US3919456,Crooksville,PLACE,2019-07-01,2424,,,,CENINT,2024
1600000US3919456,Crooksville,PLACE,2020-07-01,2422,,,,CENPEP,2024
1600000US3919456,Crooksville,PLACE,2021-07-01,2415,,,,CENPEP,2024
1600000US3919456,Crooksville,PLACE,2022-07-01,2404,,,,CENPEP,2024
1600000US3919456,Crooksville,PLACE,2023-07-01,2402,,,,CENPEP,2024
1600000US3921434,Delaware,PLACE,2000-07-01,25920,,,,CENINT,2012
1600000US3921434,Delaware,PLACE,2001-07-01,26923,,,,CENINT,2012
1600000US3921434,Delaware,PLACE,2002-07-01,28060,,,,CENINT,2012
1600000US3921434,Delaware,PLACE,2003-07-01,29219,,,,CENINT,2012
1600000US3921434,Delaware,PLACE,2004-07-01,30334,,,,CENINT,2012
1600000US3921434,Delaware,PLACE,2005-07-01,31512,,,,CENINT,2012
1600000US3921434,Delaware,PLACE,2006-07-01,32526,,,,CENINT,2012
1600000US3921434,Delaware,PLACE,2007-07-01,33269,,,,CENINT,2012
1600000US3921434,Delaware,PLACE,2008-07-01,33865,,,,CENINT,2012
1600000US3921434,Delaware,PLACE,2009-07-01,34313,,,,CENINT,2012
1600000US3921434,Delaware,PLACE,2010-07-01,34862,,,,CENINT,2024
1600000US3921434,Delaware,PLACE,2011-07-01,35524,,,,CENINT,2024
1600000US3921434,Delaware,PLACE,2012-07-01,35729,,,,CENINT,2024
1600000US3921434,Delaware,PLACE,2013-07-01,36445,,,,CENINT,2024
1600000US3921434,Delaware,PLACE,2014-07-01,37167,,,,CENINT,2024
1600000US3921434,Delaware,PLACE,2015-07-01,37731,,,,CENINT,2024
1600000US3921434,Delaware,PLACE,2016-07-01,38312,,,,CENINT,2024
1600000US3921434,Delaware,PLACE,2017-07-01,38731,,,,CENINT,2024
1600000US3921434,Delaware,PLACE,2018-07-01,39179,,,,CENINT,2024
1600000US3921434,Delaware,PLACE,2019-07-01,40495,,,,CENINT,2024
1600000US3921434,Delaware,PLACE,2020-07-01,41712,,,,CENPEP,2024
1600000US3921434,Delaware,PLACE,2021-07-01,43022,,,,CENPEP,2024
1600000US3921434,Delaware,PLACE,2022-07-01,44071,,,,CENPEP,2024
1600000US3921434,Delaware,PLACE,2023-07-01,45364,,,,CENPEP,2024
1600000US3922694,Dublin,PLACE,2000-07-01,31652,,,,CENINT,2012
1600000US3922694,Dublin,PLACE,2001-07-01,32755,,,,CENINT,2012
1600000US3922694,Dublin,PLACE,2002-07-01,33729,,,,CENINT,2012
1600000US3922694,Dublin,PLACE,2003-07-01,34713,,,,CENINT,2012
1600000US3922694,Dublin,PLACE,2004-07-01,35643,,,,CENINT,2012
1600000US3922694,Dublin,PLACE,2005-07-01,36624,,,,CENINT,2012
1600000US3922694,Dublin,PLACE,2006-07-01,37699,,,,CENINT,2012
1600000US3922694,Dublin,PLACE,2007-07-01,38760,,,,CENINT,2012
1600000US3922694,Dublin,PLACE,2008-07-01,39881,,,,CENINT,2012
1600000US3922694,Dublin,PLACE,2009-07-01,40991,,,,CENINT,2012
1600000US3922694,Dublin,PLACE,2010-07-01,41522,,,,CENINT,2024
1600000US3922694,Dublin,PLACE,2011-07-01,42083,,,,CENINT,2024
1600000US3922694,Dublin,PLACE,2012-07-01,43007,,,,CENINT,2024
1600000US3922694,Dublin,PLACE,2013-07-01,43831,,,,CENINT,2024
1600000US3922694,Dublin,PLACE,2014-07-01,44475,,,,CENINT,2024
1600000US3922694,Dublin,PLACE,2015-07-01,45317,,,,CENINT,2024
1600000US3922694,Dublin,PLACE,2016-07-01,45881,,,,CENINT,2024
1600000US3922694,Dublin,PLACE,2017-07-01,47787,,,,CENINT,2024
1600000US3922694,Dublin,PLACE,2018-07-01,48631,,,,CENINT,2024
1600000US3922694,Dublin,PLACE,2019-07-01,49124,,,,CENINT,2024
1600000US3922694,Dublin,PLACE,2020-07-01,49344,,,,CENPEP,2024
1600000US3922694,Dublin,PLACE,2021-07-01,49110,,,,CENPEP,2024
1600000US3922694,Dublin,PLACE,2022-07-01,49159,,,,CENPEP,2024
1600000US3922694,Dublin,PLACE,2023-07-01,49292,,,,CENPEP,2024
1600000US3928658,Fredericktown,PLACE,2000-07-01,2520,,,,CENINT,2012
1600000US3928658,Fredericktown,PLACE,2001-07-01,2526,,,,CENINT,2012
1600000US3928658,Fredericktown,PLACE,2002-07-01,2536,,,,CENINT,2012
1600000US3928658,Fredericktown,PLACE,2003-07-01,2539,,,,CENINT,2012
1600000US3928658,Fredericktown,PLACE,2004-07-01,2541,,,,CENINT,2012
1600000US3928658,Fredericktown,PLACE,2005-07-01,2537,,,,CENINT,2012
1600000US3928658,Fredericktown,PLACE,2006-07-01,2530,,,,CENINT,2012
1600000US3928658,Fredericktown,PLACE,2007-07-01,2529,,,,CENINT,2012
1600000US3928658,Fredericktown,PLACE,2008-07-01,2520,,,,CENINT,2012
1600000US3928658,Fredericktown,PLACE,2009-07-01,2503,,,,CENINT,2012
1600000US3928658,Fredericktown,PLACE,2010-07-01,2500,,,,CENINT,2024
1600000US3928658,Fredericktown,PLACE,2011-07-01,2522,,,,CENINT,2024
1600000US3928658,Fredericktown,PLACE,2012-07-01,2505,,,,CENINT,2024
1600000US3928658,Fredericktown,PLACE,2013-07-01,2531,,,,CENINT,2024
1600000US3928658,Fredericktown,PLACE,2014-07-01,2547,,,,CENINT,2024
1600000US3928658,Fredericktown,PLACE,2015-07-01,2552,,,,CENINT,2024
1600000US3928658,Fredericktown,PLACE,2016-07-01,2548,,,,CENINT,2024
1600000US3928658,Fredericktown,PLACE,2017-07-01,2586,,,,CENINT,2024
1600000US3928658,Fredericktown,PLACE,2018-07-01,2616,,,,CENINT,2024
1600000US3928658,Fredericktown,PLACE,2019-07-01,2631,,,,CENINT,2024
1600000US3928658,Fredericktown,PLACE,2020-07-01,2650,,,,CENPEP,2024
1600000US3928658,Fredericktown,PLACE,2021-07-01,2653,,,,CENPEP,2024
1600000US3928658,Fredericktown,PLACE,2022-07-01,2660,,,,CENPEP,2024
1600000US3928658,Fredericktown,PLACE,2023-07-01,2659,,,,CENPEP,2024
1600000US3929106,Gahanna,PLACE,2000-07-01,32644,,,,CENINT,2012
1600000US3929106,Gahanna,PLACE,2001-07-01,32756,,,,CENINT,2012
1600000US3929106,Gahanna,PLACE,2002-07-01,32707,,,,CENINT,2012
1600000US3929106,Gahanna,PLACE,2003-07-01,32673,,,,CENINT,2012
1600000US3929106,Gahanna,PLACE,2004-07-01,32589,,,,CENINT,2012
1600000US3929106,Gahanna,PLACE,2005-07-01,32558,,,,CENINT,2012
1600000US3929106,Gahanna,PLACE,2006-07-01,32647,,,,CENINT,2012
1600000US3929106,Gahanna,PLACE,2007-07-01,32769,,,,CENINT,2012
1600000US3929106,Gahanna,PLACE,2008-07-01,32969,,,,CENINT,2012
1600000US3929106,Gahanna,PLACE,2009-07-01,33175,,,,CENINT,2012
1600000US3929106,Gahanna,PLACE,2010-07-01,33274,,,,CENINT,2024
1600000US3929106,Gahanna,PLACE,2011-07-01,33563,,,,CENINT,2024
1600000US3929106,Gahanna,PLACE,2012-07-01,33938,,,,CENINT,2024
1600000US3929106,Gahanna,PLACE,2013-07-01,34269,,,,CENINT,2024
1600000US3929106,Gahanna,PLACE,2014-07-01,34528,,,,CENINT,2024
1600000US3929106,Gahanna,PLACE,2015-07-01,34847,,,,CENINT,2024
1600000US3929106,Gahanna,PLACE,2016-07-01,35319,,,,CENINT,2024
1600000US3929106,Gahanna,PLACE,2017-07-01,35557,,,,CENINT,2024
1600000US3929106,Gahanna,PLACE,2018-07-01,35663,,,,CENINT,2024
1600000US3929106,Gahanna,PLACE,2019-07-01,35695,,,,CENINT,2024
1600000US3929106,Gahanna,PLACE,2020-07-01,35705,,,,CENPEP,2024
1600000US3929106,Gahanna,PLACE,2021-07-01,35465,,,,CENPEP,2024
1600000US3929106,Gahanna,PLACE,2022-07-01,35257,,,,CENPEP,2024
1600000US3929106,Gahanna,PLACE,2023-07-01,35458,,,,CENPEP,2024
1600000US3929162,Galion,PLACE,2000-07-01,11519,,,,CENINT,2012
1600000US3929162,Galion,PLACE,2001-07-01,11420,,,,CENINT,2012
1600000US3929162,Galion,PLACE,2002-07-01,11330,,,,CENINT,2012
1600000US3929162,Galion,PLACE,2003-07-01,11218,,,,CENINT,2012
1600000US3929162,Galion,PLACE,2004-07-01,11154,,,,CENINT,2012
1600000US3929162,Galion,PLACE,2005-07-01,11070,,,,CENINT,2012
1600000US3929162,Galion,PLACE,2006-07-01,10889,,,,CENINT,2012
1600000US3929162,Galion,PLACE,2007-07-01,10795,,,,CENINT,2012
1600000US3929162,Galion,PLACE,2008-07-01,10683,,,,CENINT,2012
1600000US3929162,Galion,PLACE,2009-07-01,10566,,,,CENINT,2012
1600000US3929162,Galion,PLACE,2010-07-01,10608,,,,CENINT,2024
1600000US3929162,Galion,PLACE,2011-07-01,10547,,,,CENINT,2024
1600000US3929162,Galion,PLACE,2012-07-01,10462,,,,CENINT,2024
1600000US3929162,Galion,PLACE,2013-07-01,10490,,,,CENINT,2024
1600000US3929162,Galion,PLACE,2014-07-01,10459,,,,CENINT,2024
1600000US3929162,Galion,PLACE,2015-07-01,10482,,,,CENINT,2024
1600000US3929162,Galion,PLACE,2016-07-01,10469,,,,CENINT,2024
1600000US3929162,Galion,PLACE,2017-07-01,10424,,,,CENINT,2024
1600000US3929162,Galion,PLACE,2018-07-01,10400,,,,CENINT,2024
1600000US3929162,Galion,PLACE,2019-07-01,10425,,,,CENINT,2024
1600000US3929162,Galion,PLACE,2020-07-01,10440,,,,CENPEP,2024
1600000US3929162,Galion,PLACE,2021-07-01,10379,,,,CENPEP,2024
1600000US3929162,Galion,PLACE,2022-07-01,10304,,,,CENPEP,2024
1600000US3929162,Galion,PLACE,2023-07-01,10304,,,,CENPEP,2024
1600000US3929246,Gambier,PLACE,2000-07-01,2023,,,,CENINT,2012
1600000US3929246,Gambier,PLACE,2001-07-01,2068,,,,CENINT,2012
1600000US3929246,Gambier,PLACE,2002-07-01,2104,,,,CENINT,2012
1600000US3929246,Gambier,PLACE,2003-07-01,2184,,,,CENINT,2012
1600000US3929246,Gambier,PLACE,2004-07-01,2233,,,,CENINT,2012
1600000US3929246,Gambier,PLACE,2005-07-01,2275,,,,CENINT,2012
1600000US3929246,Gambier,PLACE,2006-07-01,2300,,,,CENINT,2012
1600000US3929246,Gambier,PLACE,2007-07-01,2321,,,,CENINT,2012
1600000US3929246,Gambier,PLACE,2008-07-01,2348,,,,CENINT,2012
1600000US3929246,Gambier,PLACE,2009-07-01,2371,,,,CENINT,2012
1600000US3929246,Gambier,PLACE,2010-07-01,2411,,,,CENINT,2024
1600000US3929246,Gambier,PLACE,2011-07-01,2383,,,,CENINT,2024
1600000US3929246,Gambier,PLACE,2012-07-01,2370,,,,CENINT,2024
1600000US3929246,Gambier,PLACE,2013-07-01,2335,,,,CENINT,2024
1600000US3929246,Gambier,PLACE,2014-07-01,2354,,,,CENINT,2024
1600000US3929246,Gambier,PLACE,2015-07-01,2289,,,,CENINT,2024
1600000US3929246,Gambier,PLACE,2016-07-01,2250,,,,CENINT,2024
1600000US3929246,Gambier,PLACE,2017-07-01,2248,,,,CENINT,2024
1600000US3929246,Gambier,PLACE,2018-07-01,2223,,,,CENINT,2024
1600000US3929246,Gambier,PLACE,2019-07-01,2223,,,,CENINT,2024
1600000US3929246,Gambier,PLACE,2020-07-01,2219,,,,CENPEP,2024
1600000US3929246,Gambier,PLACE,2021-07-01,1766,,,,CENPEP,2024
1600000US3929246,Gambier,PLACE,2022-07-01,2307,,,,CENPEP,2024
1600000US3929246,Gambier,PLACE,2023-07-01,2335,,,,CENPEP,2024
1600000US3931304,Grandview Heights,PLACE,2000-07-01,6802,,,,CENINT,2012
1600000US3931304,Grandview Heights,PLACE,2001-07-01,6786,,,,CENINT,2012
1600000US3931304,Grandview Heights,PLACE,2002-07-01,6735,,,,CENINT,2012
1600000US3931304,Grandview Heights,PLACE,2003-07-01,6687,,,,CENINT,2012
1600000US3931304,Grandview Heights,PLACE,2004-07-01,6631,,,,CENINT,2012
1600000US3931304,Grandview Heights,PLACE,2005-07-01,6586,,,,CENINT,2012
1600000US3931304,Grandview Heights,PLACE,2006-07-01,6564,,,,CENINT,2012
1600000US3931304,Grandview Heights,PLACE,2007-07-01,6549,,,,CENINT,2012
1600000US3931304,Grandview Heights,PLACE,2008-07-01,6550,,,,CENINT,2012
1600000US3931304,Grandview Heights,PLACE,2009-07-01,6551,,,,CENINT,2012
1600000US3931304,Grandview Heights,PLACE,2010-07-01,6494,,,,CENINT,2024
1600000US3931304,Grandview Heights,PLACE,2011-07-01,6454,,,,CENINT,2024
1600000US3931304,Grandview Heights,PLACE,2012-07-01,6730,,,,CENINT,2024
1600000US3931304,Grandview Heights,PLACE,2013-07-01,6702,,,,CENINT,2024
1600000US3931304,Grandview Heights,PLACE,2014-07-01,6881,,,,CENINT,2024
1600000US3931304,Grandview Heights,PLACE,2015-07-01,6876,,,,CENINT,2024
1600000US3931304,Grandview Heights,PLACE,2016-07-01,7173,,,,CENINT,2024
1600000US3931304,Grandview Heights,PLACE,2017-07-01,7205,,,,CENINT,2024
1600000US3931304,Grandview Heights,PLACE,2018-07-01,7635,,,,CENINT,2024
1600000US3931304,Grandview Heights,PLACE,2019-07-01,7586,,,,CENINT,2024
1600000US3931304,Grandview Heights,PLACE,2020-07-01,8245,,,,CENPEP,2024
1600000US3931304,Grandview Heights,PLACE,2021-07-01,8254,,,,CENPEP,2024
1600000US3931304,Grandview Heights,PLACE,2022-07-01,8656,,,,CENPEP,2024
1600000US3931304,Grandview Heights,PLACE,2023-07-01,8909,,,,CENPEP,2024
1600000US3931402,Granville,PLACE,2000-07-01,5219,,,,CENINT,2012
1600000US3931402,Granville,PLACE,2001-07-01,5264,,,,CENINT,2012
1600000US3931402,Granville,PLACE,2002-07-01,5299,,,,CENINT,2012
1600000US3931402,Granville,PLACE,2003-07-01,5383,,,,CENINT,2012
1600000US3931402,Granville,PLACE,2004-07-01,5431,,,,CENINT,2012
1600000US3931402,Granville,PLACE,2005-07-01,5548,,,,CENINT,2012
1600000US3931402,Granville,PLACE,2006-07-01,5547,,,,CENINT,2012
1600000US3931402,Granville,PLACE,2007-07-01,5585,,,,CENINT,2012
1600000US3931402,Granville,PLACE,2008-07-01,5590,,,,CENINT,2012
1600000US3931402,Granville,PLACE,2009-07-01,5620,,,,CENINT,2012
1600000US3931402,Granville,PLACE,2010-07-01,5681,,,,CENINT,2024
1600000US3931402,Granville,PLACE,2011-07-01,5673,,,,CENINT,2024
1600000US3931402,Granville,PLACE,2012-07-01,5760,,,,CENINT,2024
1600000US3931402,Granville,PLACE,2013-07-01,5754,,,,CENINT,2024
1600000US3931402,Granville,PLACE,2014-07-01,5752,,,,CENINT,2024
1600000US3931402,Granville,PLACE,2015-07-01,5777,,,,CENINT,2024
1600000US3931402,Granville,PLACE,2016-07-01,5850,,,,CENINT,2024
1600000US3931402,Granville,PLACE,2017-07-01,5879,,,,CENINT,2024
1600000US3931402,Granville,PLACE,2018-07-01,5993,,,,CENINT,2024
1600000US3931402,Granville,PLACE,2019-07-01,5982,,,,CENINT,2024
1600000US3931402,Granville,PLACE,2020-07-01,5958,,,,CENPEP,2024
1600000US3931402,Granville,PLACE,2021-07-01,5537,,,,CENPEP,2024
1600000US3931402,Granville,PLACE,2022-07-01,5918,,,,CENPEP,2024
1600000US3931402,Granville,PLACE,2023-07-01,6285,,,,CENPEP,2024
1600000US3932088,Greenfield,PLACE,2000-07-01,4911,,,,CENINT,2012
1600000US3932088,Greenfield,PLACE,2001-07-01,4885,,,,CENINT,2012
1600000US3932088,Greenfield,PLACE,2002-07-01,4891,,,,CENINT,2012
1600000US3932088,Greenfield,PLACE,2003-07-01,4879,,,,CENINT,2012
1600000US3932088,Greenfield,PLACE,2004-07-01,4896,,,,CENINT,2012
1600000US3932088,Greenfield,PLACE,2005-07-01,4841,,,,CENINT,2012
1600000US3932088,Greenfield,PLACE,2006-07-01,4849,,,,CENINT,2012
1600000US3932088,Greenfield,PLACE,2007-07-01,4822,,,,CENINT,2012
1600000US3932088,Greenfield,PLACE,2008-07-01,4749,,,,CENINT,2012
1600000US3932088,Greenfield,PLACE,2009-07-01,4680,,,,CENINT,2012
1600000US3932088,Greenfield,PLACE,2010-07-01,4637,,,,CENINT,2024
1600000US3932088,Greenfield,PLACE,2011-07-01,4585,,,,CENINT,2024
1600000US3932088,Greenfield,PLACE,2012-07-01,4514,,,,CENINT,2024
1600000US3932088,Greenfield,PLACE,2013-07-01,4512,,,,CENINT,2024
1600000US3932088,Greenfield,PLACE,2014-07-01,4479,,,,CENINT,2024
1600000US3932088,Greenfield,PLACE,2015-07-01,4442,,,,CENINT,2024
1600000US3932088,Greenfield,PLACE,2016-07-01,4423,,,,CENINT,2024
1600000US3932088,Greenfield,PLACE,2017-07-01,4386,,,,CENINT,2024
1600000US3932088,Greenfield,PLACE,2018-07-01,4367,,,,CENINT,2024
1600000US3932088,Greenfield,PLACE,2019-07-01,4345,,,,CENINT,2024
1600000US3932088,Greenfield,PLACE,2020-07-01,4342,,,,CENPEP,2024
1600000US3932088,Greenfield,PLACE,2021-07-01,4349,,,,CENPEP,2024
1600000US3932088,Greenfield,PLACE,2022-07-01,4324,,,,CENPEP,2024
1600000US3932088,Greenfield,PLACE,2023-07-01,4333,,,,CENPEP,2024
1600000US3932592,Grove City,PLACE,2000-07-01,27657,,,,CENINT,2012
1600000US3932592,Grove City,PLACE,2001-07-01,28512,,,,CENINT,2012
1600000US3932592,Grove City,PLACE,2002-07-01,29226,,,,CENINT,2012
1600000US3932592,Grove City,PLACE,2003-07-01,29951,,,,CENINT,2012
1600000US3932592,Grove City,PLACE,2004-07-01,30625,,,,CENINT,2012
1600000US3932592,Grove City,PLACE,2005-07-01,31338,,,,CENINT,2012
1600000US3932592,Grove City,PLACE,2006-07-01,32168,,,,CENINT,2012
1600000US3932592,Grove City,PLACE,2007-07-01,33032,,,,CENINT,2012
1600000US3932592,Grove City,PLACE,2008-07-01,33980,,,,CENINT,2012
1600000US3932592,Grove City,PLACE,2009-07-01,34938,,,,CENINT,2012
1600000US3932592,Grove City,PLACE,2010-07-01,35763,,,,CENINT,2024
1600000US3932592,Grove City,PLACE,2011-07-01,36259,,,,CENINT,2024
1600000US3932592,Grove City,PLACE,2012-07-01,36766,,,,CENINT,2024
1600000US3932592,Grove City,PLACE,2013-07-01,37379,,,,CENINT,2024
1600000US3932592,Grove City,PLACE,2014-07-01,38280,,,,CENINT,2024
1600000US3932592,Grove City,PLACE,2015-07-01,38967,,,,CENINT,2024
1600000US3932592,Grove City,PLACE,2016-07-01,39479,,,,CENINT,2024
1600000US3932592,Grove City,PLACE,2017-07-01,40482,,,,CENINT,2024
1600000US3932592,Grove City,PLACE,2018-07-01,40806,,,,CENINT,2024
1600000US3932592,Grove City,PLACE,2019-07-01,40994,,,,CENINT,2024
1600000US3932592,Grove City,PLACE,2020-07-01,41314,,,,CENPEP,2024
1600000US3932592,Grove City,PLACE,2021-07-01,41806,,,,CENPEP,2024
1600000US3932592,Grove City,PLACE,2022-07-01,42385,,,,CENPEP,2024
1600000US3932592,Grove City,PLACE,2023-07-01,43144,,,,CENPEP,2024
1600000US3932606,Groveport,PLACE,2000-07-01,3950,,,,CENINT,2012
1600000US3932606,Groveport,PLACE,2001-07-01,4101,,,,CENINT,2012
1600000US3932606,Groveport,PLACE,2002-07-01,4231,,,,CENINT,2012
1600000US3932606,Groveport,PLACE,2003-07-01,4363,,,,CENINT,2012
1600000US3932606,Groveport,PLACE,2004-07-01,4488,,,,CENINT,2012
1600000US3932606,Groveport,PLACE,2005-07-01,4618,,,,CENINT,2012
1600000US3932606,Groveport,PLACE,2006-07-01,4765,,,,CENINT,2012
1600000US3932606,Groveport,PLACE,2007-07-01,4918,,,,CENINT,2012
1600000US3932606,Groveport,PLACE,2008-07-01,5084,,,,CENINT,2012
1600000US3932606,Groveport,PLACE,2009-07-01,5250,,,,CENINT,2012
1600000US3932606,Groveport,PLACE,2010-07-01,5390,,,,CENINT,2024
1600000US3932606,Groveport,PLACE,2011-07-01,5479,,,,CENINT,2024
1600000US3932606,Groveport,PLACE,2012-07-01,5570,,,,CENINT,2024
1600000US3932606,Groveport,PLACE,2013-07-01,5651,,,,CENINT,2024
1600000US3932606,Groveport,PLACE,2014-07-01,5715,,,,CENINT,2024
1600000US3932606,Groveport,PLACE,2015-07-01,5788,,,,CENINT,2024
1600000US3932606,Groveport,PLACE,2016-07-01,5849,,,,CENINT,2024
1600000US3932606,Groveport,PLACE,2017-07-01,5913,,,,CENINT,2024
1600000US3932606,Groveport,PLACE,2018-07-01,5950,,,,CENINT,2024
1600000US3932606,Groveport,PLACE,2019-07-01,5980,,,,CENINT,2024
1600000US3932606,Groveport,PLACE,2020-07-01,6003,,,,CENPEP,2024
1600000US3932606,Groveport,PLACE,2021-07-01,5921,,,,CENPEP,2024
1600000US3932606,Groveport,PLACE,2022-07-01,5881,,,,CENPEP,2024
1600000US3932606,Groveport,PLACE,2023-07-01,5856,,,,CENPEP,2024
1600000US3934748,Heath,PLACE,2000-07-01,8691,,,,CENINT,2012
1600000US3934748,Heath,PLACE,2001-07-01,8850,,,,CENINT,2012
1600000US3934748,Heath,PLACE,2002-07-01,9002,,,,CENINT,2012
1600000US3934748,Heath,PLACE,2003-07-01,9194,,,,CENINT,2012
1600000US3934748,Heath,PLACE,2004-07-01,9397,,,,CENINT,2012
1600000US3934748,Heath,PLACE,2005-07-01,9600,,,,CENINT,2012
1600000US3934748,Heath,PLACE,2006-07-01,9781,,,,CENINT,2012
1600000US3934748,Heath,PLACE,2007-07-01,9951,,,,CENINT,2012
1600000US3934748,Heath,PLACE,2008-07-01,10085,,,,CENINT,2012
1600000US3934748,Heath,PLACE,2009-07-01,10207,,,,CENINT,2012
1600000US3934748,Heath,PLACE,2010-07-01,10291,,,,CENINT,2024
1600000US3934748,Heath,PLACE,2011-07-01,10258,,,,CENINT,2024
1600000US3934748,Heath,PLACE,2012-07-01,10216,,,,CENINT,2024
1600000US3934748,Heath,PLACE,2013-07-01,10213,,,,CENINT,2024
1600000US3934748,Heath,PLACE,2014-07-01,10215,,,,CENINT,2024
1600000US3934748,Heath,PLACE,2015-07-01,10234,,,,CENINT,2024
1600000US3934748,Heath,PLACE,2016-07-01,10263,,,,CENINT,2024
1600000US3934748,Heath,PLACE,2017-07-01,10304,,,,CENINT,2024
1600000US3934748,Heath,PLACE,2018-07-01,10369,,,,CENINT,2024
1600000US3934748,Heath,PLACE,2019-07-01,10401,,,,CENINT,2024
1600000US3934748,Heath,PLACE,2020-07-01,10465,,,,CENPEP,2024
1600000US3934748,Heath,PLACE,2021-07-01,10579,,,,CENPEP,2024
1600000US3934748,Heath,PLACE,2022-07-01,10666,,,,CENPEP,2024
1600000US3934748,Heath,PLACE,2023-07-01,10752,,,,CENPEP,2024
1600000US3934790,Hebron,PLACE,2000-07-01,2098,,,,CENINT,2012
1600000US3934790,Hebron,PLACE,2001-07-01,2121,,,,CENINT,2012
1600000US3934790,Hebron,PLACE,2002-07-01,2142,,,,CENINT,2012
1600000US3934790,Hebron,PLACE,2003-07-01,2172,,,,CENINT,2012
1600000US3934790,Hebron,PLACE,2004-07-01,2205,,,,CENINT,2012
1600000US3934790,Hebron,PLACE,2005-07-01,2237,,,,CENINT,2012
1600000US3934790,Hebron,PLACE,2006-07-01,2266,,,,CENINT,2012
1600000US3934790,Hebron,PLACE,2007-07-01,2291,,,,CENINT,2012
1600000US3934790,Hebron,PLACE,2008-07-01,2308,,,,CENINT,2012
1600000US3934790,Hebron,PLACE,2009-07-01,2323,,,,CENINT,2012
1600000US3934790,Hebron,PLACE,2010-07-01,2334,,,,CENINT,2024
1600000US3934790,Hebron,PLACE,2011-07-01,2324,,,,CENINT,2024
1600000US3934790,Hebron,PLACE,2012-07-01,2311,,,,CENINT,2024
1600000US3934790,Hebron,PLACE,2013-07-01,2305,,,,CENINT,2024
1600000US3934790,Hebron,PLACE,2014-07-01,2304,,,,CENINT,2024
1600000US3934790,Hebron,PLACE,2015-07-01,2302,,,,CENINT,2024
1600000US3934790,Hebron,PLACE,2016-07-01,2307,,,,CENINT,2024
1600000US3934790,Hebron,PLACE,2017-07-01,2312,,,,CENINT,2024
1600000US3934790,Hebron,PLACE,2018-07-01,2322,,,,CENINT,2024
1600000US3934790,Hebron,PLACE,2019-07-01,2326,,,,CENINT,2024
1600000US3934790,Hebron,PLACE,2020-07-01,2329,,,,CENPEP,2024
1600000US3934790,Hebron,PLACE,2021-07-01,2354,,,,CENPEP,2024
1600000US3934790,Hebron,PLACE,2022-07-01,2372,,,,CENPEP,2024
1600000US3934790,Hebron,PLACE,2023-07-01,2391,,,,CENPEP,2024
1600000US3935476,Hilliard,PLACE,2000-07-01,24046,,,,CENINT,2012
1600000US3935476,Hilliard,PLACE,2001-07-01,24534,,,,CENINT,2012
1600000US3935476,Hilliard,PLACE,2002-07-01,24899,,,,CENINT,2012
1600000US3935476,Hilliard,PLACE,2003-07-01,25277,,,,CENINT,2012
1600000US3935476,Hilliard,PLACE,2004-07-01,25610,,,,CENINT,2012
1600000US3935476,Hilliard,PLACE,2005-07-01,25981,,,,CENINT,2012
1600000US3935476,Hilliard,PLACE,2006-07-01,26449,,,,CENINT,2012
1600000US3935476,Hilliard,PLACE,2007-07-01,26944,,,,CENINT,2012
1600000US3935476,Hilliard,PLACE,2008-07-01,27507,,,,CENINT,2012
1600000US3935476,Hilliard,PLACE,2009-07-01,28074,,,,CENINT,2012
1600000US3935476,Hilliard,PLACE,2010-07-01,28340,,,,CENINT,2024
1600000US3935476,Hilliard,PLACE,2011-07-01,29695,,,,CENINT,2024
1600000US3935476,Hilliard,PLACE,2012-07-01,30724,,,,CENINT,2024
1600000US3935476,Hilliard,PLACE,2013-07-01,31268,,,,CENINT,2024
1600000US3935476,Hilliard,PLACE,2014-07-01,32811,,,,CENINT,2024
1600000US3935476,Hilliard,PLACE,2015-07-01,34000,,,,CENINT,2024
1600000US3935476,Hilliard,PLACE,2016-07-01,35355,,,,CENINT,2024
1600000US3935476,Hilliard,PLACE,2017-07-01,36302,,,,CENINT,2024
1600000US3935476,Hilliard,PLACE,2018-07-01,36643,,,,CENINT,2024
1600000US3935476,Hilliard,PLACE,2019-07-01,36906,,,,CENINT,2024
1600000US3935476,Hilliard,PLACE,2020-07-01,37190,,,,CENPEP,2024
1600000US3935476,Hilliard,PLACE,2021-07-01,36980,,,,CENPEP,2024
1600000US3935476,Hilliard,PLACE,2022-07-01,37558,,,,CENPEP,2024
1600000US3935476,Hilliard,PLACE,2023-07-01,37630,,,,CENPEP,2024
1600000US3939340,Johnstown,PLACE,2000-07-01,3444,,,,CENINT,2012
1600000US3939340,Johnstown,PLACE,2001-07-01,3563,,,,CENINT,2012
1600000US3939340,Johnstown,PLACE,2002-07-01,3678,,,,CENINT,2012
1600000US3939340,Johnstown,PLACE,2003-07-01,3811,,,,CENINT,2012
1600000US3939340,Johnstown,PLACE,2004-07-01,3949,,,,CENINT,2012
1600000US3939340,Johnstown,PLACE,2005-07-01,4086,,,,CENINT,2012
1600000US3939340,Johnstown,PLACE,2006-07-01,4216,,,,CENINT,2012
1600000US3939340,Johnstown,PLACE,2007-07-01,4339,,,,CENINT,2012
1600000US3939340,Johnstown,PLACE,2008-07-01,4448,,,,CENINT,2012
1600000US3939340,Johnstown,PLACE,2009-07-01,4550,,,,CENINT,2012
1600000US3939340,Johnstown,PLACE,2010-07-01,4658,,,,CENINT,2024
1600000US3939340,Johnstown,PLACE,2011-07-01,4754,,,,CENINT,2024
1600000US3939340,Johnstown,PLACE,2012-07-01,4855,,,,CENINT,2024
1600000US3939340,Johnstown,PLACE,2013-07-01,4885,,,,CENINT,2024
1600000US3939340,Johnstown,PLACE,2014-07-01,4918,,,,CENINT,2024
1600000US3939340,Johnstown,PLACE,2015-07-01,4958,,,,CENINT,2024
1600000US3939340,Johnstown,PLACE,2016-07-01,5003,,,,CENINT,2024
1600000US3939340,Johnstown,PLACE,2017-07-01,5048,,,,CENINT,2024
1600000US3939340,Johnstown,PLACE,2018-07-01,5109,,,,CENINT,2024
1600000US3939340,Johnstown,PLACE,2019-07-01,5155,,,,CENINT,2024
1600000US3939340,Johnstown,PLACE,2020-07-01,5193,,,,CENPEP,2024
1600000US3939340,Johnstown,PLACE,2021-07-01,5246,,,,CENPEP,2024
1600000US3939340,Johnstown,PLACE,2022-07-01,5288,,,,CENPEP,2024
1600000US3939340,Johnstown,PLACE,2023-07-01,5325,,,,CENPEP,2024
1600000US3941720,Lancaster,PLACE,2000-07-01,35403,,,,CENINT,2012
1600000US3941720,Lancaster,PLACE,2001-07-01,35910,,,,CENINT,2012
1600000US3941720,Lancaster,PLACE,2002-07-01,36463,,,,CENINT,2012
1600000US3941720,Lancaster,PLACE,2003-07-01,37099,,,,CENINT,2012
1600000US3941720,Lancaster,PLACE,2004-07-01,37704,,,,CENINT,2012
1600000US3941720,Lancaster,PLACE,2005-07-01,38139,,,,CENINT,2012
1600000US3941720,Lancaster,PLACE,2006-07-01,38460,,,,CENINT,2012
1600000US3941720,Lancaster,PLACE,2007-07-01,38682,,,,CENINT,2012
1600000US3941720,Lancaster,PLACE,2008-07-01,38694,,,,CENINT,2012
1600000US3941720,Lancaster,PLACE,2009-07-01,38795,,,,CENINT,2012
1600000US3941720,Lancaster,PLACE,2010-07-01,38787,,,,CENINT,2024
1600000US3941720,Lancaster,PLACE,2011-07-01,38855,,,,CENINT,2024
1600000US3941720,Lancaster,PLACE,2012-07-01,38754,,,,CENINT,2024
1600000US3941720,Lancaster,PLACE,2013-07-01,39182,,,,CENINT,2024
1600000US3941720,Lancaster,PLACE,2014-07-01,39436,,,,CENINT,2024
1600000US3941720,Lancaster,PLACE,2015-07-01,39527,,,,CENINT,2024
1600000US3941720,Lancaster,PLACE,2016-07-01,39682,,,,CENINT,2024
1600000US3941720,Lancaster,PLACE,2017-07-01,40034,,,,CENINT,2024
1600000US3941720,Lancaster,PLACE,2018-07-01,40210,,,,CENINT,2024
1600000US3941720,Lancaster,PLACE,2019-07-01,40234,,,,CENINT,2024
1600000US3941720,Lancaster,PLACE,2020-07-01,40631,,,,CENPEP,2024
1600000US3941720,Lancaster,PLACE,2021-07-01,40826,,,,CENPEP,2024
1600000US3941720,Lancaster,PLACE,2022-07-01,41234,,,,CENPEP,2024
1600000US3941720,Lancaster,PLACE,2023-07-01,41480,,,,CENPEP,2024
1600000US3944086,Lithopolis,PLACE,2000-07-01,709,,,,CENINT,2012
1600000US3944086,Lithopolis,PLACE,2001-07-01,754,,,,CENINT,2012
1600000US3944086,Lithopolis,PLACE,2002-07-01,799,,,,CENINT,2012
1600000US3944086,Lithopolis,PLACE,2003-07-01,845,,,,CENINT,2012
1600000US3944086,Lithopolis,PLACE,2004-07-01,892,,,,CENINT,2012
1600000US3944086,Lithopolis,PLACE,2005-07-01,936,,,,CENINT,2012
1600000US3944086,Lithopolis,PLACE,2006-07-01,978,,,,CENINT,2012
1600000US3944086,Lithopolis,PLACE,2007-07-01,1015,,,,CENINT,2012
1600000US3944086,Lithopolis,PLACE,2008-07-01,1050,,,,CENINT,2012
1600000US3944086,Lithopolis,PLACE,2009-07-01,1083,,,,CENINT,2012
1600000US3944086,Lithopolis,PLACE,2010-07-01,1127,,,,CENINT,2024
1600000US3944086,Lithopolis,PLACE,2011-07-01,1187,,,,CENINT,2024
1600000US3944086,Lithopolis,PLACE,2012-07-01,1247,,,,CENINT,2024
1600000US3944086,Lithopolis,PLACE,2013-07-01,1312,,,,CENINT,2024
1600000US3944086,Lithopolis,PLACE,2014-07-01,1409,,,,CENINT,2024
1600000US3944086,Lithopolis,PLACE,2015-07-01,1492,,,,CENINT,2024
1600000US3944086,Lithopolis,PLACE,2016-07-01,1603,,,,CENINT,2024
1600000US3944086,Lithopolis,PLACE,2017-07-01,1749,,,,CENINT,2024
1600000US3944086,Lithopolis,PLACE,2018-07-01,1895,,,,CENINT,2024
1600000US3944086,Lithopolis,PLACE,2019-07-01,2031,,,,CENINT,2024
1600000US3944086,Lithopolis,PLACE,2020-07-01,2182,,,,CENPEP,2024
1600000US3944086,Lithopolis,PLACE,2021-07-01,2332,,,,CENPEP,2024
1600000US3944086,Lithopolis,PLACE,2022-07-01,2559,,,,CENPEP,2024
1600000US3944086,Lithopolis,PLACE,2023-07-01,2716,,,,CENPEP,2024
1600000US3944632,Logan,PLACE,2000-07-01,6940,,,,CENINT,2012
1600000US3944632,Logan,PLACE,2001-07-01,6980,,,,CENINT,2012
1600000US3944632,Logan,PLACE,2002-07-01,7024,,,,CENINT,2012
1600000US3944632,Logan,PLACE,2003-07-01,7060,,,,CENINT,2012
1600000US3944632,Logan,PLACE,2004-07-01,7087,,,,CENINT,2012
1600000US3944632,Logan,PLACE,2005-07-01,7104,,,,CENINT,2012
1600000US3944632,Logan,PLACE,2006-07-01,7107,,,,CENINT,2012
1600000US3944632,Logan,PLACE,2007-07-01,7180,,,,CENINT,2012
1600000US3944632,Logan,PLACE,2008-07-01,7179,,,,CENINT,2012
1600000US3944632,Logan,PLACE,2009-07-01,7152,,,,CENINT,2012
1600000US3944632,Logan,PLACE,2010-07-01,7093,,,,CENINT,2024
1600000US3944632,Logan,PLACE,2011-07-01,7128,,,,CENINT,2024
1600000US3944632,Logan,PLACE,2012-07-01,7132,,,,CENINT,2024
1600000US3944632,Logan,PLACE,2013-07-01,7138,,,,CENINT,2024
1600000US3944632,Logan,PLACE,2014-07-01,7203,,,,CENINT,2024
1600000US3944632,Logan,PLACE,2015-07-01,7196,,,,CENINT,2024
1600000US3944632,Logan,PLACE,2016-07-01,7212,,,,CENINT,2024
1600000US3944632,Logan,PLACE,2017-07-01,7259,,,,CENINT,2024
1600000US3944632,Logan,PLACE,2018-07-01,7272,,,,CENINT,2024
1600000US3944632,Logan,PLACE,2019-07-01,7281,,,,CENINT,2024
1600000US3944632,Logan,PLACE,2020-07-01,7295,,,,CENPEP,2024
1600000US3944632,Logan,PLACE,2021-07-01,7313,,,,CENPEP,2024
1600000US3944632,Logan,PLACE,2022-07-01,7253,,,,CENPEP,2024
1600000US3944632,Logan,PLACE,2023-07-01,7175,,,,CENPEP,2024
1600000US3944674,London,PLACE,2000-07-01,8764,,,,CENINT,2012
1600000US3944674,London,PLACE,2001-07-01,8816,,,,CENINT,2012
1600000US3944674,London,PLACE,2002-07-01,8935,,,,CENINT,2012
1600000US3944674,London,PLACE,2003-07-01,9057,,,,CENINT,2012
1600000US3944674,London,PLACE,2004-07-01,9172,,,,CENINT,2012
1600000US3944674,London,PLACE,2005-07-01,9287,,,,CENINT,2012
1600000US3944674,London,PLACE,2006-07-01,9432,,,,CENINT,2012
1600000US3944674,London,PLACE,2007-07-01,9617,,,,CENINT,2012
1600000US3944674,London,PLACE,2008-07-01,9747,,,,CENINT,2012
1600000US3944674,London,PLACE,2009-07-01,9842,,,,CENINT,2012
1600000US3944674,London,PLACE,2010-07-01,9889,,,,CENINT,2024
1600000US3944674,London,PLACE,2011-07-01,9890,,,,CENINT,2024
1600000US3944674,London,PLACE,2012-07-01,9859,,,,CENINT,2024
1600000US3944674,London,PLACE,2013-07-01,9962,,,,CENINT,2024
1600000US3944674,London,PLACE,2014-07-01,10070,,,,CENINT,2024
1600000US3944674,London,PLACE,2015-07-01,10088,,,,CENINT,2024
1600000US3944674,London,PLACE,2016-07-01,10080,,,,CENINT,2024
1600000US3944674,London,PLACE,2017-07-01,10115,,,,CENINT,2024
1600000US3944674,London,PLACE,2018-07-01,10222,,,,CENINT,2024
1600000US3944674,London,PLACE,2019-07-01,10289,,,,CENINT,2024
1600000US3944674,London,PLACE,2020-07-01,10270,,,,CENPEP,2024
1600000US3944674,London,PLACE,2021-07-01,10395,,,,CENPEP,2024
1600000US3944674,London,PLACE,2022-07-01,10462,,,,CENPEP,2024
1600000US3944674,London,PLACE,2023-07-01,10550,,,,CENPEP,2024
1600000US3947754,Marion,PLACE,2000-07-01,37360,,,,CENINT,2012
1600000US3947754,Marion,PLACE,2001-07-01,37346,,,,CENINT,2012
1600000US3947754,Marion,PLACE,2002-07-01,37276,,,,CENINT,2012
1600000US3947754,Marion,PLACE,2003-07-01,37329,,,,CENINT,2012
1600000US3947754,Marion,PLACE,2004-07-01,37227,,,,CENINT,2012
1600000US3947754,Marion,PLACE,2005-07-01,37256,,,,CENINT,2012
1600000US3947754,Marion,PLACE,2006-07-01,37140,,,,CENINT,2012
1600000US3947754,Marion,PLACE,2007-07-01,37223,,,,CENINT,2012
1600000US3947754,Marion,PLACE,2008-07-01,37336,,,,CENINT,2012
1600000US3947754,Marion,PLACE,2009-07-01,36919,,,,CENINT,2012
1600000US3947754,Marion,PLACE,2010-07-01,36804,,,,CENINT,2024
1600000US3947754,Marion,PLACE,2011-07-01,37006,,,,CENINT,2024
1600000US3947754,Marion,PLACE,2012-07-01,36994,,,,CENINT,2024
1600000US3947754,Marion,PLACE,2013-07-01,36878,,,,CENINT,2024
1600000US3947754,Marion,PLACE,2014-07-01,36807,,,,CENINT,2024
1600000US3947754,Marion,PLACE,2015-07-01,36584,,,,CENINT,2024
1600000US3947754,Marion,PLACE,2016-07-01,36696,,,,CENINT,2024
1600000US3947754,Marion,PLACE,2017-07-01,36373,,,,CENINT,2024
1600000US3947754,Marion,PLACE,2018-07-01,36521,,,,CENINT,2024
1600000US3947754,Marion,PLACE,2019-07-01,36234,,,,CENINT,2024
1600000US3947754,Marion,PLACE,2020-07-01,36053,,,,CENPEP,2024
1600000US3947754,Marion,PLACE,2021-07-01,35977,,,,CENPEP,2024
1600000US3947754,Marion,PLACE,2022-07-01,35344,,,,CENPEP,2024
1600000US3947754,Marion,PLACE,2023-07-01,35565,,,,CENPEP,2024
1600000US3948160,Marysville,PLACE,2000-07-01,16377,,,,CENINT,2012
1600000US3948160,Marysville,PLACE,2001-07-01,16997,,,,CENINT,2012
1600000US3948160,Marysville,PLACE,2002-07-01,17371,,,,CENINT,2012
1600000US3948160,Marysville,PLACE,2003-07-01,17969,,,,CENINT,2012
1600000US3948160,Marysville,PLACE,2004-07-01,18570,,,,CENINT,2012
1600000US3948160,Marysville,PLACE,2005-07-01,19086,,,,CENINT,2012
1600000US3948160,Marysville,PLACE,2006-07-01,19931,,,,CENINT,2012
1600000US3948160,Marysville,PLACE,2007-07-01,20738,,,,CENINT,2012
1600000US3948160,Marysville,PLACE,2008-07-01,21243,,,,CENINT,2012
1600000US3948160,Marysville,PLACE,2009-07-01,21815,,,,CENINT,2012
1600000US3948160,Marysville,PLACE,2010-07-01,22229,,,,CENINT,2024
1600000US3948160,Marysville,PLACE,2011-07-01,22677,,,,CENINT,2024
1600000US3948160,Marysville,PLACE,2012-07-01,22319,,,,CENINT,2024
1600000US3948160,Marysville,PLACE,2013-07-01,22733,,,,CENINT,2024
1600000US3948160,Marysville,PLACE,2014-07-01,22997,,,,CENINT,2024
1600000US3948160,Marysville,PLACE,2015-07-01,23266,,,,CENINT,2024
1600000US3948160,Marysville,PLACE,2016-07-01,23939,,,,CENINT,2024
1600000US3948160,Marysville,PLACE,2017-07-01,24448,,,,CENINT,2024
1600000US3948160,Marysville,PLACE,2018-07-01,24828,,,,CENINT,2024
1600000US3948160,Marysville,PLACE,2019-07-01,25373,,,,CENINT,2024
1600000US3948160,Marysville,PLACE,2020-07-01,25702,,,,CENPEP,2024
1600000US3948160,Marysville,PLACE,2021-07-01,26589,,,,CENPEP,2024
1600000US3948160,Marysville,PLACE,2022-07-01,27153,,,,CENPEP,2024
1600000US3948160,Marysville,PLACE,2023-07-01,28455,,,,CENPEP,2024
1600000US3950862,Minerva Park,PLACE,2000-07-01,1290,,,,CENINT,2012
1600000US3950862,Minerva Park,PLACE,2001-07-01,1290,,,,CENINT,2012
1600000US3950862,Minerva Park,PLACE,2002-07-01,1284,,,,CENINT,2012
1600000US3950862,Minerva Park,PLACE,2003-07-01,1278,,,,CENINT,2012
1600000US3950862,Minerva Park,PLACE,2004-07-01,1271,,,,CENINT,2012
1600000US3950862,Minerva Park,PLACE,2005-07-01,1265,,,,CENINT,2012
1600000US3950862,Minerva Park,PLACE,2006-07-01,1264,,,,CENINT,2012
1600000US3950862,Minerva Park,PLACE,2007-07-01,1265,,,,CENINT,2012
1600000US3950862,Minerva Park,PLACE,2008-07-01,1269,,,,CENINT,2012
1600000US3950862,Minerva Park,PLACE,2009-07-01,1272,,,,CENINT,2012
1600000US3950862,Minerva Park,PLACE,2010-07-01,1291,,,,CENINT,2024
1600000US3950862,Minerva Park,PLACE,2011-07-01,1368,,,,CENINT,2024
1600000US3950862,Minerva Park,PLACE,2012-07-01,1449,,,,CENINT,2024
1600000US3950862,Minerva Park,PLACE,2013-07-01,1528,,,,CENINT,2024
1600000US3950862,Minerva Park,PLACE,2014-07-01,1602,,,,CENINT,2024
1600000US3950862,Minerva Park,PLACE,2015-07-01,1678,,,,CENINT,2024
1600000US3950862,Minerva Park,PLACE,2016-07-01,1753,,,,CENINT,2024
1600000US3950862,Minerva Park,PLACE,2017-07-01,1828,,,,CENINT,2024
1600000US3950862,Minerva Park,PLACE,2018-07-01,1896,,,,CENINT,2024
1600000US3950862,Minerva Park,PLACE,2019-07-01,1963,,,,CENINT,2024
1600000US3950862,Minerva Park,PLACE,2020-07-01,2010,,,,CENPEP,2024
1600000US3950862,Minerva Park,PLACE,2021-07-01,1982,,,,CENPEP,2024
1600000US3950862,Minerva Park,PLACE,2022-07-01,1967,,,,CENPEP,2024
1600000US3950862,Minerva Park,PLACE,2023-07-01,1958,,,,CENPEP,2024
1600000US3952738,Mount Gilead,PLACE,2000-07-01,3492,,,,CENINT,2012
1600000US3952738,Mount Gilead,PLACE,2001-07-01,3541,,,,CENINT,2012
1600000US3952738,Mount Gilead,PLACE,2002-07-01,3579,,,,CENINT,2012
1600000US3952738,Mount Gilead,PLACE,2003-07-01,3623,,,,CENINT,2012
1600000US3952738,Mount Gilead,PLACE,2004-07-01,3660,,,,CENINT,2012
1600000US3952738,Mount Gilead,PLACE,2005-07-01,3670,,,,CENINT,2012
1600000US3952738,Mount Gilead,PLACE,2006-07-01,3685,,,,CENINT,2012
1600000US3952738,Mount Gilead,PLACE,2007-07-01,3709,,,,CENINT,2012
1600000US3952738,Mount Gilead,PLACE,2008-07-01,3690,,,,CENINT,2012
1600000US3952738,Mount Gilead,PLACE,2009-07-01,3679,,,,CENINT,2012
1600000US3952738,Mount Gilead,PLACE,2010-07-01,3647,,,,CENINT,2024
1600000US3952738,Mount Gilead,PLACE,2011-07-01,3627,,,,CENINT,2024
1600000US3952738,Mount Gilead,PLACE,2012-07-01,3611,,,,CENINT,2024
1600000US3952738,Mount Gilead,PLACE,2013-07-01,3590,,,,CENINT,2024
1600000US3952738,Mount Gilead,PLACE,2014-07-01,3576,,,,CENINT,2024
1600000US3952738,Mount Gilead,PLACE,2015-07-01,3561,,,,CENINT,2024
1600000US3952738,Mount Gilead,PLACE,2016-07-01,3536,,,,CENINT,2024
1600000US3952738,Mount Gilead,PLACE,2017-07-01,3513,,,,CENINT,2024
1600000US3952738,Mount Gilead,PLACE,2018-07-01,3513,,,,CENINT,2024
1600000US3952738,Mount Gilead,PLACE,2019-07-01,3510,,,,CENINT,2024
1600000US3952738,Mount Gilead,PLACE,2020-07-01,3499,,,,CENPEP,2024
1600000US3952738,Mount Gilead,PLACE,2021-07-01,3512,,,,CENPEP,2024
1600000US3952738,Mount Gilead,PLACE,2022-07-01,3506,,,,CENPEP,2024
1600000US3952738,Mount Gilead,PLACE,2023-07-01,3525,,,,CENPEP,2024
1600000US3953046,Mount Sterling,PLACE,2000-07-01,1958,,,,CENINT,2012
1600000US3953046,Mount Sterling,PLACE,2001-07-01,1926,,,,CENINT,2012
1600000US3953046,Mount Sterling,PLACE,2002-07-01,1909,,,,CENINT,2012
1600000US3953046,Mount Sterling,PLACE,2003-07-01,1893,,,,CENINT,2012
1600000US3953046,Mount Sterling,PLACE,2004-07-01,1875,,,,CENINT,2012
1600000US3953046,Mount Sterling,PLACE,2005-07-01,1858,,,,CENINT,2012
1600000US3953046,Mount Sterling,PLACE,2006-07-01,1844,,,,CENINT,2012
1600000US3953046,Mount Sterling,PLACE,2007-07-01,1840,,,,CENINT,2012
1600000US3953046,Mount Sterling,PLACE,2008-07-01,1822,,,,CENINT,2012
1600000US3953046,Mount Sterling,PLACE,2009-07-01,1800,,,,CENINT,2012
1600000US3953046,Mount Sterling,PLACE,2010-07-01,1735,,,,CENINT,2024
1600000US3953046,Mount Sterling,PLACE,2011-07-01,1747,,,,CENINT,2024
1600000US3953046,Mount Sterling,PLACE,2012-07-01,1757,,,,CENINT,2024
1600000US3953046,Mount Sterling,PLACE,2013-07-01,1790,,,,CENINT,2024
1600000US3953046,Mount Sterling,PLACE,2014-07-01,1828,,,,CENINT,2024
1600000US3953046,Mount Sterling,PLACE,2015-07-01,1845,,,,CENINT,2024
1600000US3953046,Mount Sterling,PLACE,2016-07-01,1857,,,,CENINT,2024
1600000US3953046,Mount Sterling,PLACE,2017-07-01,1883,,,,CENINT,2024
1600000US3953046,Mount Sterling,PLACE,2018-07-01,1917,,,,CENINT,2024
1600000US3953046,Mount Sterling,PLACE,2019-07-01,1939,,,,CENINT,2024
1600000US3953046,Mount Sterling,PLACE,2020-07-01,1941,,,,CENPEP,2024
1600000US3953046,Mount Sterling,PLACE,2021-07-01,1960,,,,CENPEP,2024
1600000US3953046,Mount Sterling,PLACE,2022-07-01,1979,,,,CENPEP,2024
1600000US3953046,Mount Sterling,PLACE,2023-07-01,2035,,,,CENPEP,2024
1600000US3953102,Mount Vernon,PLACE,2000-07-01,15635,,,,CENINT,2012
1600000US3953102,Mount Vernon,PLACE,2001-07-01,15831,,,,CENINT,2012
1600000US3953102,Mount Vernon,PLACE,2002-07-01,16044,,,,CENINT,2012
1600000US3953102,Mount Vernon,PLACE,2003-07-01,16250,,,,CENINT,2012
1600000US3953102,Mount Vernon,PLACE,2004-07-01,16423,,,,CENINT,2012
1600000US3953102,Mount Vernon,PLACE,2005-07-01,16563,,,,CENINT,2012
1600000US3953102,Mount Vernon,PLACE,2006-07-01,16673,,,,CENINT,2012
1600000US3953102,Mount Vernon,PLACE,2007-07-01,16806,,,,CENINT,2012
1600000US3953102,Mount Vernon,PLACE,2008-07-01,16904,,,,CENINT,2012
1600000US3953102,Mount Vernon,PLACE,2009-07-01,16941,,,,CENINT,2012
1600000US3953102,Mount Vernon,PLACE,2010-07-01,17023,,,,CENINT,2024
1600000US3953102,Mount Vernon,PLACE,2011-07-01,17109,,,,CENINT,2024
1600000US3953102,Mount Vernon,PLACE,2012-07-01,16921,,,,CENINT,2024
1600000US3953102,Mount Vernon,PLACE,2013-07-01,16877,,,,CENINT,2024
1600000US3953102,Mount Vernon,PLACE,2014-07-01,16845,,,,CENINT,2024
1600000US3953102,Mount Vernon,PLACE,2015-07-01,16833,,,,CENINT,2024
1600000US3953102,Mount Vernon,PLACE,2016-07-01,16779,,,,CENINT,2024
1600000US3953102,Mount Vernon,PLACE,2017-07-01,16852,,,,CENINT,2024
1600000US3953102,Mount Vernon,PLACE,2018-07-01,16961,,,,CENINT,2024
1600000US3953102,Mount Vernon,PLACE,2019-07-01,17013,,,,CENINT,2024
1600000US3953102,Mount Vernon,PLACE,2020-07-01,17063,,,,CENPEP,2024
1600000US3953102,Mount Vernon,PLACE,2021-07-01,17002,,,,CENPEP,2024
1600000US3953102,Mount Vernon,PLACE,2022-07-01,16938,,,,CENPEP,2024
1600000US3953102,Mount Vernon,PLACE,2023-07-01,16888,,,,CENPEP,2024
1600000US3953886,Nelsonville,PLACE,2000-07-01,5395,,,,CENINT,2012
1600000US3953886,Nelsonville,PLACE,2001-07-01,5431,,,,CENINT,2012
1600000US3953886,Nelsonville,PLACE,2002-07-01,5444,,,,CENINT,2012
1600000US3953886,Nelsonville,PLACE,2003-07-01,5458,,,,CENINT,2012
1600000US3953886,Nelsonville,PLACE,2004-07-01,5378,,,,CENINT,2012
1600000US3953886,Nelsonville,PLACE,2005-07-01,5434,,,,CENINT,2012
1600000US3953886,Nelsonville,PLACE,2006-07-01,5427,,,,CENINT,2012
1600000US3953886,Nelsonville,PLACE,2007-07-01,5389,,,,CENINT,2012
1600000US3953886,Nelsonville,PLACE,2008-07-01,5410,,,,CENINT,2012
1600000US3953886,Nelsonville,PLACE,2009-07-01,5398,,,,CENINT,2012
1600000US3953886,Nelsonville,PLACE,2010-07-01,5370,,,,CENINT,2024
1600000US3953886,Nelsonville,PLACE,2011-07-01,5319,,,,CENINT,2024
1600000US3953886,Nelsonville,PLACE,2012-07-01,5237,,,,CENINT,2024
1600000US3953886,Nelsonville,PLACE,2013-07-01,5129,,,,CENINT,2024
1600000US3953886,Nelsonville,PLACE,2014-07-01,4994,,,,CENINT,2024
1600000US3953886,Nelsonville,PLACE,2015-07-01,4918,,,,CENINT,2024
1600000US3953886,Nelsonville,PLACE,2016-07-01,4965,,,,CENINT,2024
1600000US3953886,Nelsonville,PLACE,2017-07-01,4891,,,,CENINT,2024
1600000US3953886,Nelsonville,PLACE,2018-07-01,4719,,,,CENINT,2024
1600000US3953886,Nelsonville,PLACE,2019-07-01,4653,,,,CENINT,2024
1600000US3953886,Nelsonville,PLACE,2020-07-01,4600,,,,CENPEP,2024
1600000US3953886,Nelsonville,PLACE,2021-07-01,4576,,,,CENPEP,2024
1600000US3953886,Nelsonville,PLACE,2022-07-01,4558,,,,CENPEP,2024
1600000US3953886,Nelsonville,PLACE,2023-07-01,4542,,,,CENPEP,2024
1600000US3953970,New Albany,PLACE,2000-07-01,3828,,,,CENINT,2012
1600000US3953970,New Albany,PLACE,2001-07-01,4234,,,,CENINT,2012
1600000US3953970,New Albany,PLACE,2002-07-01,4619,,,,CENINT,2012
1600000US3953970,New Albany,PLACE,2003-07-01,5003,,,,CENINT,2012
1600000US3953970,New Albany,PLACE,2004-07-01,5377,,,,CENINT,2012
1600000US3953970,New Albany,PLACE,2005-07-01,5757,,,,CENINT,2012
1600000US3953970,New Albany,PLACE,2006-07-01,6156,,,,CENINT,2012
1600000US3953970,New Albany,PLACE,2007-07-01,6564,,,,CENINT,2012
1600000US3953970,New Albany,PLACE,2008-07-01,6989,,,,CENINT,2012
1600000US3953970,New Albany,PLACE,2009-07-01,7419,,,,CENINT,2012
1600000US3953970,New Albany,PLACE,2010-07-01,7929,,,,CENINT,2024
1600000US3953970,New Albany,PLACE,2011-07-01,8307,,,,CENINT,2024
1600000US3953970,New Albany,PLACE,2012-07-01,8649,,,,CENINT,2024
1600000US3953970,New Albany,PLACE,2013-07-01,8944,,,,CENINT,2024
1600000US3953970,New Albany,PLACE,2014-07-01,9312,,,,CENINT,2024
1600000US3953970,New Albany,PLACE,2015-07-01,9882,,,,CENINT,2024
1600000US3953970,New Albany,PLACE,2016-07-01,10340,,,,CENINT,2024
1600000US3953970,New Albany,PLACE,2017-07-01,10609,,,,CENINT,2024
1600000US3953970,New Albany,PLACE,2018-07-01,10715,,,,CENINT,2024
1600000US3953970,New Albany,PLACE,2019-07-01,10744,,,,CENINT,2024
1600000US3953970,New Albany,PLACE,2020-07-01,11073,,,,CENPEP,2024
1600000US3953970,New Albany,PLACE,2021-07-01,11082,,,,CENPEP,2024
1600000US3953970,New Albany,PLACE,2022-07-01,11298,,,,CENPEP,2024
1600000US3953970,New Albany,PLACE,2023-07-01,11425,,,,CENPEP,2024
1600000US3954866,New Lexington,PLACE,2000-07-01,4668,,,,CENINT,2012
1600000US3954866,New Lexington,PLACE,2001-07-01,4685,,,,CENINT,2012
1600000US3954866,New Lexington,PLACE,2002-07-01,4698,,,,CENINT,2012
1600000US3954866,New Lexington,PLACE,2003-07-01,4720,,,,CENINT,2012
1600000US3954866,New Lexington,PLACE,2004-07-01,4723,,,,CENINT,2012
1600000US3954866,New Lexington,PLACE,2005-07-01,4720,,,,CENINT,2012
1600000US3954866,New Lexington,PLACE,2006-07-01,4723,,,,CENINT,2012
1600000US3954866,New Lexington,PLACE,2007-07-01,4723,,,,CENINT,2012
1600000US3954866,New Lexington,PLACE,2008-07-01,4777,,,,CENINT,2012
1600000US3954866,New Lexington,PLACE,2009-07-01,4738,,,,CENINT,2012
1600000US3954866,New Lexington,PLACE,2010-07-01,4709,,,,CENINT,2024
1600000US3954866,New Lexington,PLACE,2011-07-01,4718,,,,CENINT,2024
1600000US3954866,New Lexington,PLACE,2012-07-01,4659,,,,CENINT,2024
1600000US3954866,New Lexington,PLACE,2013-07-01,4634,,,,CENINT,2024
1600000US3954866,New Lexington,PLACE,2014-07-01,4593,,,,CENINT,2024
1600000US3954866,New Lexington,PLACE,2015-07-01,4566,,,,CENINT,2024
1600000US3954866,New Lexington,PLACE,2016-07-01,4538,,,,CENINT,2024
1600000US3954866,New Lexington,PLACE,2017-07-01,4498,,,,CENINT,2024
1600000US3954866,New Lexington,PLACE,2018-07-01,4472,,,,CENINT,2024
1600000US3954866,New Lexington,PLACE,2019-07-01,4452,,,,CENINT,2024
1600000US3954866,New Lexington,PLACE,2020-07-01,4434,,,,CENPEP,2024
1600000US3954866,New Lexington,PLACE,2021-07-01,4437,,,,CENPEP,2024
1600000US3954866,New Lexington,PLACE,2022-07-01,4450,,,,CENPEP,2024
1600000US3954866,New Lexington,PLACE,2023-07-01,4456,,,,CENPEP,2024
1600000US3954040,Newark,PLACE,2000-07-01,46280,,,,CENINT,2012
1600000US3954040,Newark,PLACE,2001-07-01,46377,,,,CENINT,2012
1600000US3954040,Newark,PLACE,2002-07-01,46436,,,,CENINT,2012
1600000US3954040,Newark,PLACE,2003-07-01,46705,,,,CENINT,2012
1600000US3954040,Newark,PLACE,2004-07-01,47021,,,,CENINT,2012
1600000US3954040,Newark,PLACE,2005-07-01,47335,,,,CENINT,2012
1600000US3954040,Newark,PLACE,2006-07-01,47536,,,,CENINT,2012
1600000US3954040,Newark,PLACE,2007-07-01,47675,,,,CENINT,2012
1600000US3954040,Newark,PLACE,2008-07-01,47647,,,,CENINT,2012
1600000US3954040,Newark,PLACE,2009-07-01,47573,,,,CENINT,2012
1600000US3954040,Newark,PLACE,2010-07-01,47589,,,,CENINT,2024
1600000US3954040,Newark,PLACE,2011-07-01,47628,,,,CENINT,2024
1600000US3954040,Newark,PLACE,2012-07-01,47655,,,,CENINT,2024
1600000US3954040,Newark,PLACE,2013-07-01,47818,,,,CENINT,2024
1600000US3954040,Newark,PLACE,2014-07-01,48003,,,,CENINT,2024
1600000US3954040,Newark,PLACE,2015-07-01,48250,,,,CENINT,2024
1600000US3954040,Newark,PLACE,2016-07-01,48550,,,,CENINT,2024
1600000US3954040,Newark,PLACE,2017-07-01,49008,,,,CENINT,2024
1600000US3954040,Newark,PLACE,2018-07-01,49462,,,,CENINT,2024
1600000US3954040,Newark,PLACE,2019-07-01,49772,,,,CENINT,2024
1600000US3954040,Newark,PLACE,2020-07-01,50041,,,,CENPEP,2024
1600000US3954040,Newark,PLACE,2021-07-01,50379,,,,CENPEP,2024
1600000US3954040,Newark,PLACE,2022-07-01,50845,,,,CENPEP,2024
1600000US3954040,Newark,PLACE,2023-07-01,51162,,,,CENPEP,2024
1600000US3957862,Obetz,PLACE,2000-07-01,4020,,,,CENINT,2012
1600000US3957862,Obetz,PLACE,2001-07-01,4079,,,,CENINT,2012
1600000US3957862,Obetz,PLACE,2002-07-01,4117,,,,CENINT,2012
1600000US3957862,Obetz,PLACE,2003-07-01,4157,,,,CENINT,2012
1600000US3957862,Obetz,PLACE,2004-07-01,4190,,,,CENINT,2012
1600000US3957862,Obetz,PLACE,2005-07-01,4231,,,,CENINT,2012
1600000US3957862,Obetz,PLACE,2006-07-01,4286,,,,CENINT,2012
1600000US3957862,Obetz,PLACE,2007-07-01,4346,,,,CENINT,2012
1600000US3957862,Obetz,PLACE,2008-07-01,4417,,,,CENINT,2012
1600000US3957862,Obetz,PLACE,2009-07-01,4489,,,,CENINT,2012
1600000US3957862,Obetz,PLACE,2010-07-01,4557,,,,CENINT,2024
1600000US3957862,Obetz,PLACE,2011-07-01,4617,,,,CENINT,2024
1600000US3957862,Obetz,PLACE,2012-07-01,4695,,,,CENINT,2024
1600000US3957862,Obetz,PLACE,2013-07-01,4769,,,,CENINT,2024
1600000US3957862,Obetz,PLACE,2014-07-01,4824,,,,CENINT,2024
1600000US3957862,Obetz,PLACE,2015-07-01,4893,,,,CENINT,2024
1600000US3957862,Obetz,PLACE,2016-07-01,4976,,,,CENINT,2024
1600000US3957862,Obetz,PLACE,2017-07-01,5080,,,,CENINT,2024
1600000US3957862,Obetz,PLACE,2018-07-01,5210,,,,CENINT,2024
1600000US3957862,Obetz,PLACE,2019-07-01,5332,,,,CENINT,2024
1600000US3957862,Obetz,PLACE,2020-07-01,5523,,,,CENPEP,2024
1600000US3957862,Obetz,PLACE,2021-07-01,5792,,,,CENPEP,2024
1600000US3957862,Obetz,PLACE,2022-07-01,6041,,,,CENPEP,2024
1600000US3957862,Obetz,PLACE,2023-07-01,7019,,,,CENPEP,2024
1600000US3961112,Pataskala,PLACE,2000-07-01,10250,,,,CENINT,2012
1600000US3961112,Pataskala,PLACE,2001-07-01,10724,,,,CENINT,2012
1600000US3961112,Pataskala,PLACE,2002-07-01,11189,,,,CENINT,2012
1600000US3961112,Pataskala,PLACE,2003-07-01,11704,,,,CENINT,2012
1600000US3961112,Pataskala,PLACE,2004-07-01,12237,,,,CENINT,2012
1600000US3961112,Pataskala,PLACE,2005-07-01,12766,,,,CENINT,2012
1600000US3961112,Pataskala,PLACE,2006-07-01,13277,,,,CENINT,2012
1600000US3961112,Pataskala,PLACE,2007-07-01,13767,,,,CENINT,2012
1600000US3961112,Pataskala,PLACE,2008-07-01,14209,,,,CENINT,2012
1600000US3961112,Pataskala,PLACE,2009-07-01,14631,,,,CENINT,2012
1600000US3961112,Pataskala,PLACE,2010-07-01,14991,,,,CENINT,2024
1600000US3961112,Pataskala,PLACE,2011-07-01,15227,,,,CENINT,2024
1600000US3961112,Pataskala,PLACE,2012-07-01,15440,,,,CENINT,2024
1600000US3961112,Pataskala,PLACE,2013-07-01,15714,,,,CENINT,2024
1600000US3961112,Pataskala,PLACE,2014-07-01,15999,,,,CENINT,2024
1600000US3961112,Pataskala,PLACE,2015-07-01,16301,,,,CENINT,2024
1600000US3961112,Pataskala,PLACE,2016-07-01,16627,,,,CENINT,2024
1600000US3961112,Pataskala,PLACE,2017-07-01,16958,,,,CENINT,2024
1600000US3961112,Pataskala,PLACE,2018-07-01,17333,,,,CENINT,2024
1600000US3961112,Pataskala,PLACE,2019-07-01,17655,,,,CENINT,2024
1600000US3961112,Pataskala,PLACE,2020-07-01,17915,,,,CENPEP,2024
1600000US3961112,Pataskala,PLACE,2021-07-01,18102,,,,CENPEP,2024
1600000US3961112,Pataskala,PLACE,2022-07-01,18245,,,,CENPEP,2024
1600000US3961112,Pataskala,PLACE,2023-07-01,18380,,,,CENPEP,2024
1600000US3962498,Pickerington,PLACE,2000-07-01,10240,,,,CENINT,2012
1600000US3962498,Pickerington,PLACE,2001-07-01,11112,,,,CENINT,2012
1600000US3962498,Pickerington,PLACE,2002-07-01,12012,,,,CENINT,2012
1600000US3962498,Pickerington,PLACE,2003-07-01,12946,,,,CENINT,2012
1600000US3962498,Pickerington,PLACE,2004-07-01,13880,,,,CENINT,2012
1600000US3962498,Pickerington,PLACE,2005-07-01,14759,,,,CENINT,2012
1600000US3962498,Pickerington,PLACE,2006-07-01,15601,,,,CENINT,2012
1600000US3962498,Pickerington,PLACE,2007-07-01,16385,,,,CENINT,2012
1600000US3962498,Pickerington,PLACE,2008-07-01,17086,,,,CENINT,2012
1600000US3962498,Pickerington,PLACE,2009-07-01,17799,,,,CENINT,2012
1600000US3962498,Pickerington,PLACE,2010-07-01,18347,,,,CENINT,2024
1600000US3962498,Pickerington,PLACE,2011-07-01,18600,,,,CENINT,2024
1600000US3962498,Pickerington,PLACE,2012-07-01,18746,,,,CENINT,2024
1600000US3962498,Pickerington,PLACE,2013-07-01,19170,,,,CENINT,2024
1600000US3962498,Pickerington,PLACE,2014-07-01,19563,,,,CENINT,2024
1600000US3962498,Pickerington,PLACE,2015-07-01,19917,,,,CENINT,2024
1600000US3962498,Pickerington,PLACE,2016-07-01,20322,,,,CENINT,2024
1600000US3962498,Pickerington,PLACE,2017-07-01,20692,,,,CENINT,2024
1600000US3962498,Pickerington,PLACE,2018-07-01,21571,,,,CENINT,2024
1600000US3962498,Pickerington,PLACE,2019-07-01,22555,,,,CENINT,2024
1600000US3962498,Pickerington,PLACE,2020-07-01,23240,,,,CENPEP,2024
1600000US3962498,Pickerington,PLACE,2021-07-01,23897,,,,CENPEP,2024
1600000US3962498,Pickerington,PLACE,2022-07-01,24531,,,,CENPEP,2024
1600000US3962498,Pickerington,PLACE,2023-07-01,25268,,,,CENPEP,2024
1600000US3963030,Plain City,PLACE,2000-07-01,2882,,,,CENINT,2012
1600000US3963030,Plain City,PLACE,2001-07-01,3016,,,,CENINT,2012
1600000US3963030,Plain City,PLACE,2002-07-01,3145,,,,CENINT,2012
1600000US3963030,Plain City,PLACE,2003-07-01,3284,,,,CENINT,2012
1600000US3963030,Plain City,PLACE,2004-07-01,3422,,,,CENINT,2012
1600000US3963030,Plain City,PLACE,2005-07-01,3563,,,,CENINT,2012
1600000US3963030,Plain City,PLACE,2006-07-01,3715,,,,CENINT,2012
1600000US3963030,Plain City,PLACE,2007-07-01,3873,,,,CENINT,2012
1600000US3963030,Plain City,PLACE,2008-07-01,4008,,,,CENINT,2012
1600000US3963030,Plain City,PLACE,2009-07-01,4134,,,,CENINT,2012
1600000US3963030,Plain City,PLACE,2010-07-01,4196,,,,CENINT,2024
1600000US3963030,Plain City,PLACE,2011-07-01,4146,,,,CENINT,2024
1600000US3963030,Plain City,PLACE,2012-07-01,4070,,,,CENINT,2024
1600000US3963030,Plain City,PLACE,2013-07-01,4047,,,,CENINT,2024
1600000US3963030,Plain City,PLACE,2014-07-01,4044,,,,CENINT,2024
1600000US3963030,Plain City,PLACE,2015-07-01,3994,,,,CENINT,2024
1600000US3963030,Plain City,PLACE,2016-07-01,3922,,,,CENINT,2024
1600000US3963030,Plain City,PLACE,2017-07-01,3885,,,,CENINT,2024
1600000US3963030,Plain City,PLACE,2018-07-01,3860,,,,CENINT,2024
1600000US3963030,Plain City,PLACE,2019-07-01,3972,,,,CENINT,2024
1600000US3963030,Plain City,PLACE,2020-07-01,4151,,,,CENPEP,2024
1600000US3963030,Plain City,PLACE,2021-07-01,4362,,,,CENPEP,2024
1600000US3963030,Plain City,PLACE,2022-07-01,4340,,,,CENPEP,2024
1600000US3963030,Plain City,PLACE,2023-07-01,4351,,,,CENPEP,2024
1600000US3964486,Powell,PLACE,2000-07-01,6310,,,,CENINT,2012
1600000US3964486,Powell,PLACE,2001-07-01,6872,,,,CENINT,2012
1600000US3964486,Powell,PLACE,2002-07-01,7473,,,,CENINT,2012
1600000US3964486,Powell,PLACE,2003-07-01,8086,,,,CENINT,2012
1600000US3964486,Powell,PLACE,2004-07-01,8690,,,,CENINT,2012
1600000US3964486,Powell,PLACE,2005-07-01,9315,,,,CENINT,2012
1600000US3964486,Powell,PLACE,2006-07-01,9890,,,,CENINT,2012
1600000US3964486,Powell,PLACE,2007-07-01,10376,,,,CENINT,2012
1600000US3964486,Powell,PLACE,2008-07-01,10810,,,,CENINT,2012
1600000US3964486,Powell,PLACE,2009-07-01,11185,,,,CENINT,2012
1600000US3964486,Powell,PLACE,2010-07-01,11588,,,,CENINT,2024
1600000US3964486,Powell,PLACE,2011-07-01,11876,,,,CENINT,2024
1600000US3964486,Powell,PLACE,2012-07-01,12139,,,,CENINT,2024
1600000US3964486,Powell,PLACE,2013-07-01,12489,,,,CENINT,2024
1600000US3964486,Powell,PLACE,2014-07-01,12724,,,,CENINT,2024
1600000US3964486,Powell,PLACE,2015-07-01,13049,,,,CENINT,2024
1600000US3964486,Powell,PLACE,2016-07-01,13310,,,,CENINT,2024
1600000US3964486,Powell,PLACE,2017-07-01,13786,,,,CENINT,2024
1600000US3964486,Powell,PLACE,2018-07-01,13965,,,,CENINT,2024
1600000US3964486,Powell,PLACE,2019-07-01,14100,,,,CENINT,2024
1600000US3964486,Powell,PLACE,2020-07-01,14250,,,,CENPEP,2024
1600000US3964486,Powell,PLACE,2021-07-01,14400,,,,CENPEP,2024
1600000US3964486,Powell,PLACE,2022-07-01,14446,,,,CENPEP,2024
1600000US3964486,Powell,PLACE,2023-07-01,14563,,,,CENPEP,2024
1600000US3966390,Reynoldsburg,PLACE,2000-07-01,32168,,,,CENINT,2012
1600000US3966390,Reynoldsburg,PLACE,2001-07-01,32576,,,,CENINT,2012
1600000US3966390,Reynoldsburg,PLACE,2002-07-01,32864,,,,CENINT,2012
1600000US3966390,Reynoldsburg,PLACE,2003-07-01,33190,,,,CENINT,2012
1600000US3966390,Reynoldsburg,PLACE,2004-07-01,33493,,,,CENINT,2012
1600000US3966390,Reynoldsburg,PLACE,2005-07-01,33831,,,,CENINT,2012
1600000US3966390,Reynoldsburg,PLACE,2006-07-01,34252,,,,CENINT,2012
1600000US3966390,Reynoldsburg,PLACE,2007-07-01,34690,,,,CENINT,2012
1600000US3966390,Reynoldsburg,PLACE,2008-07-01,35156,,,,CENINT,2012
1600000US3966390,Reynoldsburg,PLACE,2009-07-01,35610,,,,CENINT,2012
1600000US3966390,Reynoldsburg,PLACE,2010-07-01,36034,,,,CENINT,2024
1600000US3966390,Reynoldsburg,PLACE,2011-07-01,36490,,,,CENINT,2024
1600000US3966390,Reynoldsburg,PLACE,2012-07-01,37009,,,,CENINT,2024
1600000US3966390,Reynoldsburg,PLACE,2013-07-01,37540,,,,CENINT,2024
1600000US3966390,Reynoldsburg,PLACE,2014-07-01,38049,,,,CENINT,2024
1600000US3966390,Reynoldsburg,PLACE,2015-07-01,38734,,,,CENINT,2024
1600000US3966390,Reynoldsburg,PLACE,2016-07-01,39320,,,,CENINT,2024
1600000US3966390,Reynoldsburg,PLACE,2017-07-01,39917,,,,CENINT,2024
1600000US3966390,Reynoldsburg,PLACE,2018-07-01,40459,,,,CENINT,2024
1600000US3966390,Reynoldsburg,PLACE,2019-07-01,40869,,,,CENINT,2024
1600000US3966390,Reynoldsburg,PLACE,2020-07-01,41065,,,,CENPEP,2024
1600000US3966390,Reynoldsburg,PLACE,2021-07-01,41113,,,,CENPEP,2024
1600000US3966390,Reynoldsburg,PLACE,2022-07-01,41253,,,,CENPEP,2024
1600000US3966390,Reynoldsburg,PLACE,2023-07-01,41511,,,,CENPEP,2024
1600000US3966936,Richwood,PLACE,2000-07-01,2160,,,,CENINT,2012
1600000US3966936,Richwood,PLACE,2001-07-01,2198,,,,CENINT,2012
1600000US3966936,Richwood,PLACE,2002-07-01,2183,,,,CENINT,2012
1600000US3966936,Richwood,PLACE,2003-07-01,2191,,,,CENINT,2012
1600000US3966936,Richwood,PLACE,2004-07-01,2199,,,,CENINT,2012
1600000US3966936,Richwood,PLACE,2005-07-01,2212,,,,CENINT,2012
1600000US3966936,Richwood,PLACE,2006-07-01,2239,,,,CENINT,2012
1600000US3966936,Richwood,PLACE,2007-07-01,2243,,,,CENINT,2012
1600000US3966936,Richwood,PLACE,2008-07-01,2243,,,,CENINT,2012
1600000US3966936,Richwood,PLACE,2009-07-01,2237,,,,CENINT,2012
1600000US3966936,Richwood,PLACE,2010-07-01,2234,,,,CENINT,2024
1600000US3966936,Richwood,PLACE,2011-07-01,2206,,,,CENINT,2024
1600000US3966936,Richwood,PLACE,2012-07-01,2169,,,,CENINT,2024
1600000US3966936,Richwood,PLACE,2013-07-01,2137,,,,CENINT,2024
1600000US3966936,Richwood,PLACE,2014-07-01,2117,,,,CENINT,2024
1600000US3966936,Richwood,PLACE,2015-07-01,2118,,,,CENINT,2024
1600000US3966936,Richwood,PLACE,2016-07-01,2134,,,,CENINT,2024
1600000US3966936,Richwood,PLACE,2017-07-01,2157,,,,CENINT,2024
1600000US3966936,Richwood,PLACE,2018-07-01,2176,,,,CENINT,2024
1600000US3966936,Richwood,PLACE,2019-07-01,2207,,,,CENINT,2024
1600000US3966936,Richwood,PLACE,2020-07-01,2234,,,,CENPEP,2024
1600000US3966936,Richwood,PLACE,2021-07-01,2308,,,,CENPEP,2024
1600000US3966936,Richwood,PLACE,2022-07-01,2396,,,,CENPEP,2024
1600000US3966936,Richwood,PLACE,2023-07-01,2497,,,,CENPEP,2024
1600000US3973068,South Bloomfield,PLACE,2000-07-01,1135,,,,CENINT,2012
1600000US3973068,South Bloomfield,PLACE,2001-07-01,1185,,,,CENINT,2012
1600000US3973068,South Bloomfield,PLACE,2002-07-01,1250,,,,CENINT,2012
1600000US3973068,South Bloomfield,PLACE,2003-07-01,1298,,,,CENINT,2012
1600000US3973068,South Bloomfield,PLACE,2004-07-01,1364,,,,CENINT,2012
1600000US3973068,South Bloomfield,PLACE,2005-07-01,1435,,,,CENINT,2012
1600000US3973068,South Bloomfield,PLACE,2006-07-01,1512,,,,CENINT,2012
1600000US3973068,South Bloomfield,PLACE,2007-07-01,1580,,,,CENINT,2012
1600000US3973068,South Bloomfield,PLACE,2008-07-01,1640,,,,CENINT,2012
1600000US3973068,South Bloomfield,PLACE,2009-07-01,1696,,,,CENINT,2012
1600000US3973068,South Bloomfield,PLACE,2010-07-01,1796,,,,CENINT,2024
1600000US3973068,South Bloomfield,PLACE,2011-07-01,1836,,,,CENINT,2024
1600000US3973068,South Bloomfield,PLACE,2012-07-01,1864,,,,CENINT,2024
1600000US3973068,South Bloomfield,PLACE,2013-07-01,1899,,,,CENINT,2024
1600000US3973068,South Bloomfield,PLACE,2014-07-01,1947,,,,CENINT,2024
1600000US3973068,South Bloomfield,PLACE,2015-07-01,2012,,,,CENINT,2024
1600000US3973068,South Bloomfield,PLACE,2016-07-01,2043,,,,CENINT,2024
1600000US3973068,South Bloomfield,PLACE,2017-07-01,2075,,,,CENINT,2024
1600000US3973068,South Bloomfield,PLACE,2018-07-01,2095,,,,CENINT,2024
1600000US3973068,South Bloomfield,PLACE,2019-07-01,2123,,,,CENINT,2024
1600000US3973068,South Bloomfield,PLACE,2020-07-01,2149,,,,CENPEP,2024
1600000US3973068,South Bloomfield,PLACE,2021-07-01,2262,,,,CENPEP,2024
1600000US3973068,South Bloomfield,PLACE,2022-07-01,3268,,,,CENPEP,2024
1600000US3973068,South Bloomfield,PLACE,2023-07-01,3506,,,,CENPEP,2024
1600000US3975602,Sunbury,PLACE,2000-07-01,2769,,,,CENINT,2012
1600000US3975602,Sunbury,PLACE,2001-07-01,2947,,,,CENINT,2012
1600000US3975602,Sunbury,PLACE,2002-07-01,3143,,,,CENINT,2012
1600000US3975602,Sunbury,PLACE,2003-07-01,3341,,,,CENINT,2012
1600000US3975602,Sunbury,PLACE,2004-07-01,3534,,,,CENINT,2012
1600000US3975602,Sunbury,PLACE,2005-07-01,3736,,,,CENINT,2012
1600000US3975602,Sunbury,PLACE,2006-07-01,3918,,,,CENINT,2012
1600000US3975602,Sunbury,PLACE,2007-07-01,4065,,,,CENINT,2012
1600000US3975602,Sunbury,PLACE,2008-07-01,4192,,,,CENINT,2012
1600000US3975602,Sunbury,PLACE,2009-07-01,4297,,,,CENINT,2012
1600000US3975602,Sunbury,PLACE,2010-07-01,4437,,,,CENINT,2024
1600000US3975602,Sunbury,PLACE,2011-07-01,4549,,,,CENINT,2024
1600000US3975602,Sunbury,PLACE,2012-07-01,4598,,,,CENINT,2024
1600000US3975602,Sunbury,PLACE,2013-07-01,4702,,,,CENINT,2024
1600000US3975602,Sunbury,PLACE,2014-07-01,4873,,,,CENINT,2024
1600000US3975602,Sunbury,PLACE,2015-07-01,5049,,,,CENINT,2024
1600000US3975602,Sunbury,PLACE,2016-07-01,5156,,,,CENINT,2024
1600000US3975602,Sunbury,PLACE,2017-07-01,5196,,,,CENINT,2024
1600000US3975602,Sunbury,PLACE,2018-07-01,5760,,,,CENINT,2024
1600000US3975602,Sunbury,PLACE,2019-07-01,6244,,,,CENINT,2024
1600000US3975602,Sunbury,PLACE,2020-07-01,6725,,,,CENPEP,2024
1600000US3975602,Sunbury,PLACE,2021-07-01,7358,,,,CENPEP,2024
1600000US3975602,Sunbury,PLACE,2022-07-01,7922,,,,CENPEP,2024
1600000US3975602,Sunbury,PLACE,2023-07-01,8381,,,,CENPEP,2024
1600000US3979002,Upper Arlington,PLACE,2000-07-01,33863,,,,CENINT,2012
1600000US3979002,Upper Arlington,PLACE,2001-07-01,33905,,,,CENINT,2012
1600000US3979002,Upper Arlington,PLACE,2002-07-01,33781,,,,CENINT,2012
1600000US3979002,Upper Arlington,PLACE,2003-07-01,33675,,,,CENINT,2012
1600000US3979002,Upper Arlington,PLACE,2004-07-01,33516,,,,CENINT,2012
1600000US3979002,Upper Arlington,PLACE,2005-07-01,33410,,,,CENINT,2012
1600000US3979002,Upper Arlington,PLACE,2006-07-01,33430,,,,CENINT,2012
1600000US3979002,Upper Arlington,PLACE,2007-07-01,33483,,,,CENINT,2012
1600000US3979002,Upper Arlington,PLACE,2008-07-01,33614,,,,CENINT,2012
1600000US3979002,Upper Arlington,PLACE,2009-07-01,33751,,,,CENINT,2012
1600000US3979002,Upper Arlington,PLACE,2010-07-01,33743,,,,CENINT,2024
1600000US3979002,Upper Arlington,PLACE,2011-07-01,34118,,,,CENINT,2024
1600000US3979002,Upper Arlington,PLACE,2012-07-01,34638,,,,CENINT,2024
1600000US3979002,Upper Arlington,PLACE,2013-07-01,35070,,,,CENINT,2024
1600000US3979002,Upper Arlington,PLACE,2014-07-01,35398,,,,CENINT,2024
1600000US3979002,Upper Arlington,PLACE,2015-07-01,35796,,,,CENINT,2024
1600000US3979002,Upper Arlington,PLACE,2016-07-01,36112,,,,CENINT,2024
1600000US3979002,Upper Arlington,PLACE,2017-07-01,36448,,,,CENINT,2024
1600000US3979002,Upper Arlington,PLACE,2018-07-01,36611,,,,CENINT,2024
1600000US3979002,Upper Arlington,PLACE,2019-07-01,36714,,,,CENINT,2024
1600000US3979002,Upper Arlington,PLACE,2020-07-01,36760,,,,CENPEP,2024
1600000US3979002,Upper Arlington,PLACE,2021-07-01,36332,,,,CENPEP,2024
1600000US3979002,Upper Arlington,PLACE,2022-07-01,36144,,,,CENPEP,2024
1600000US3979002,Upper Arlington,PLACE,2023-07-01,36044,,,,CENPEP,2024
1600000US3979114,Utica,PLACE,2000-07-01,2132,,,,CENINT,2012
1600000US3979114,Utica,PLACE,2001-07-01,2130,,,,CENINT,2012
1600000US3979114,Utica,PLACE,2002-07-01,2127,,,,CENINT,2012
1600000US3979114,Utica,PLACE,2003-07-01,2134,,,,CENINT,2012
1600000US3979114,Utica,PLACE,2004-07-01,2142,,,,CENINT,2012
1600000US3979114,Utica,PLACE,2005-07-01,2150,,,,CENINT,2012
1600000US3979114,Utica,PLACE,2006-07-01,2152,,,,CENINT,2012
1600000US3979114,Utica,PLACE,2007-07-01,2153,,,,CENINT,2012
1600000US3979114,Utica,PLACE,2008-07-01,2146,,,,CENINT,2012
1600000US3979114,Utica,PLACE,2009-07-01,2137,,,,CENINT,2012
1600000US3979114,Utica,PLACE,2010-07-01,2146,,,,CENINT,2024
1600000US3979114,Utica,PLACE,2011-07-01,2121,,,,CENINT,2024
1600000US3979114,Utica,PLACE,2012-07-01,2103,,,,CENINT,2024
1600000US3979114,Utica,PLACE,2013-07-01,2093,,,,CENINT,2024
1600000US3979114,Utica,PLACE,2014-07-01,2084,,,,CENINT,2024
1600000US3979114,Utica,PLACE,2015-07-01,2078,,,,CENINT,2024
1600000US3979114,Utica,PLACE,2016-07-01,2075,,,,CENINT,2024
1600000US3979114,Utica,PLACE,2017-07-01,2072,,,,CENINT,2024
1600000US3979114,Utica,PLACE,2018-07-01,2078,,,,CENINT,2024
1600000US3979114,Utica,PLACE,2019-07-01,2074,,,,CENINT,2024
1600000US3979114,Utica,PLACE,2020-07-01,2071,,,,CENPEP,2024
1600000US3979114,Utica,PLACE,2021-07-01,2090,,,,CENPEP,2024
1600000US3979114,Utica,PLACE,2022-07-01,2105,,,,CENPEP,2024
1600000US3979114,Utica,PLACE,2023-07-01,2119,,,,CENPEP,2024
1600000US3981718,Washington Court House,PLACE,2000-07-01,13618,,,,CENINT,2012
1600000US3981718,Washington Court House,PLACE,2001-07-01,13564,,,,CENINT,2012
1600000US3981718,Washington Court House,PLACE,2002-07-01,13625,,,,CENINT,2012
1600000US3981718,Washington Court House,PLACE,2003-07-01,13696,,,,CENINT,2012
1600000US3981718,Washington Court House,PLACE,2004-07-01,13738,,,,CENINT,2012
1600000US3981718,Washington Court House,PLACE,2005-07-01,13877,,,,CENINT,2012
1600000US3981718,Washington Court House,PLACE,2006-07-01,13955,,,,CENINT,2012
1600000US3981718,Washington Court House,PLACE,2007-07-01,14044,,,,CENINT,2012
1600000US3981718,Washington Court House,PLACE,2008-07-01,14071,,,,CENINT,2012
1600000US3981718,Washington Court House,PLACE,2009-07-01,14119,,,,CENINT,2012
1600000US3981718,Washington Court House,PLACE,2010-07-01,14235,,,,CENINT,2024
1600000US3981718,Washington Court House,PLACE,2011-07-01,14200,,,,CENINT,2024
1600000US3981718,Washington Court House,PLACE,2012-07-01,14182,,,,CENINT,2024
1600000US3981718,Washington Court House,PLACE,2013-07-01,14176,,,,CENINT,2024
1600000US3981718,Washington Court House,PLACE,2014-07-01,14199,,,,CENINT,2024
1600000US3981718,Washington Court House,PLACE,2015-07-01,14211,,,,CENINT,2024
1600000US3981718,Washington Court House,PLACE,2016-07-01,14297,,,,CENINT,2024
1600000US3981718,Washington Court House,PLACE,2017-07-01,14317,,,,CENINT,2024
1600000US3981718,Washington Court House,PLACE,2018-07-01,14314,,,,CENINT,2024
1600000US3981718,Washington Court House,PLACE,2019-07-01,14288,,,,CENINT,2024
1600000US3981718,Washington Court House,PLACE,2020-07-01,14442,,,,CENPEP,2024
1600000US3981718,Washington Court House,PLACE,2021-07-01,14438,,,,CENPEP,2024
1600000US3981718,Washington Court House,PLACE,2022-07-01,14415,,,,CENPEP,2024
1600000US3981718,Washington Court House,PLACE,2023-07-01,14421,,,,CENPEP,2024
1600000US3983580,West Jefferson,PLACE,2000-07-01,4218,,,,CENINT,2012
1600000US3983580,West Jefferson,PLACE,2001-07-01,4187,,,,CENINT,2012
1600000US3983580,West Jefferson,PLACE,2002-07-01,4189,,,,CENINT,2012
1600000US3983580,West Jefferson,PLACE,2003-07-01,4192,,,,CENINT,2012
1600000US3983580,West Jefferson,PLACE,2004-07-01,4191,,,,CENINT,2012
1600000US3983580,West Jefferson,PLACE,2005-07-01,4191,,,,CENINT,2012
1600000US3983580,West Jefferson,PLACE,2006-07-01,4205,,,,CENINT,2012
1600000US3983580,West Jefferson,PLACE,2007-07-01,4236,,,,CENINT,2012
1600000US3983580,West Jefferson,PLACE,2008-07-01,4242,,,,CENINT,2012
1600000US3983580,West Jefferson,PLACE,2009-07-01,4233,,,,CENINT,2012
1600000US3983580,West Jefferson,PLACE,2010-07-01,4221,,,,CENINT,2024
1600000US3983580,West Jefferson,PLACE,2011-07-01,4182,,,,CENINT,2024
1600000US3983580,West Jefferson,PLACE,2012-07-01,4137,,,,CENINT,2024
1600000US3983580,West Jefferson,PLACE,2013-07-01,4139,,,,CENINT,2024
1600000US3983580,West Jefferson,PLACE,2014-07-01,4154,,,,CENINT,2024
1600000US3983580,West Jefferson,PLACE,2015-07-01,4137,,,,CENINT,2024
1600000US3983580,West Jefferson,PLACE,2016-07-01,4110,,,,CENINT,2024
1600000US3983580,West Jefferson,PLACE,2017-07-01,4136,,,,CENINT,2024
1600000US3983580,West Jefferson,PLACE,2018-07-01,4145,,,,CENINT,2024
1600000US3983580,West Jefferson,PLACE,2019-07-01,4134,,,,CENINT,2024
1600000US3983580,West Jefferson,PLACE,2020-07-01,4155,,,,CENPEP,2024
1600000US3983580,West Jefferson,PLACE,2021-07-01,4192,,,,CENPEP,2024
1600000US3983580,West Jefferson,PLACE,2022-07-01,4183,,,,CENPEP,2024
1600000US3983580,West Jefferson,PLACE,2023-07-01,4489,,,,CENPEP,2024
1600000US3983342,Westerville,PLACE,2000-07-01,35257,,,,CENINT,2012
1600000US3983342,Westerville,PLACE,2001-07-01,35408,,,,CENINT,2012
1600000US3983342,Westerville,PLACE,2002-07-01,35458,,,,CENINT,2012
1600000US3983342,Westerville,PLACE,2003-07-01,35555,,,,CENINT,2012
1600000US3983342,Westerville,PLACE,2004-07-01,35558,,,,CENINT,2012
1600000US3983342,Westerville,PLACE,2005-07-01,35612,,,,CENINT,2012
1600000US3983342,Westerville,PLACE,2006-07-01,35766,,,,CENINT,2012
1600000US3983342,Westerville,PLACE,2007-07-01,35859,,,,CENINT,2012
1600000US3983342,Westerville,PLACE,2008-07-01,35987,,,,CENINT,2012
1600000US3983342,Westerville,PLACE,2009-07-01,36083,,,,CENINT,2012
1600000US3983342,Westerville,PLACE,2010-07-01,36428,,,,CENINT,2024
1600000US3983342,Westerville,PLACE,2011-07-01,36690,,,,CENINT,2024
1600000US3983342,Westerville,PLACE,2012-07-01,36917,,,,CENINT,2024
1600000US3983342,Westerville,PLACE,2013-07-01,37112,,,,CENINT,2024
1600000US3983342,Westerville,PLACE,2014-07-01,37056,,,,CENINT,2024
1600000US3983342,Westerville,PLACE,2015-07-01,37531,,,,CENINT,2024
1600000US3983342,Westerville,PLACE,2016-07-01,37827,,,,CENINT,2024
1600000US3983342,Westerville,PLACE,2017-07-01,38264,,,,CENINT,2024
1600000US3983342,Westerville,PLACE,2018-07-01,38537,,,,CENINT,2024
1600000US3983342,Westerville,PLACE,2019-07-01,39127,,,,CENINT,2024
1600000US3983342,Westerville,PLACE,2020-07-01,39240,,,,CENPEP,2024
1600000US3983342,Westerville,PLACE,2021-07-01,38682,,,,CENPEP,2024
1600000US3983342,Westerville,PLACE,2022-07-01,38541,,,,CENPEP,2024
1600000US3983342,Westerville,PLACE,2023-07-01,38493,,,,CENPEP,2024
1600000US3984742,Whitehall,PLACE,2000-07-01,19066,,,,CENINT,2012
1600000US3984742,Whitehall,PLACE,2001-07-01,18992,,,,CENINT,2012
1600000US3984742,Whitehall,PLACE,2002-07-01,18824,,,,CENINT,2012
1600000US3984742,Whitehall,PLACE,2003-07-01,18664,,,,CENINT,2012
1600000US3984742,Whitehall,PLACE,2004-07-01,18480,,,,CENINT,2012
1600000US3984742,Whitehall,PLACE,2005-07-01,18327,,,,CENINT,2012
1600000US3984742,Whitehall,PLACE,2006-07-01,18240,,,,CENINT,2012
1600000US3984742,Whitehall,PLACE,2007-07-01,18174,,,,CENINT,2012
1600000US3984742,Whitehall,PLACE,2008-07-01,18148,,,,CENINT,2012
1600000US3984742,Whitehall,PLACE,2009-07-01,18125,,,,CENINT,2012
1600000US3984742,Whitehall,PLACE,2010-07-01,18187,,,,CENINT,2024
1600000US3984742,Whitehall,PLACE,2011-07-01,18436,,,,CENINT,2024
1600000US3984742,Whitehall,PLACE,2012-07-01,18730,,,,CENINT,2024
1600000US3984742,Whitehall,PLACE,2013-07-01,19000,,,,CENINT,2024
1600000US3984742,Whitehall,PLACE,2014-07-01,19200,,,,CENINT,2024
1600000US3984742,Whitehall,PLACE,2015-07-01,19440,,,,CENINT,2024
1600000US3984742,Whitehall,PLACE,2016-07-01,19652,,,,CENINT,2024
1600000US3984742,Whitehall,PLACE,2017-07-01,19846,,,,CENINT,2024
1600000US3984742,Whitehall,PLACE,2018-07-01,19971,,,,CENINT,2024
1600000US3984742,Whitehall,PLACE,2019-07-01,20064,,,,CENINT,2024
1600000US3984742,Whitehall,PLACE,2020-07-01,20103,,,,CENPEP,2024
1600000US3984742,Whitehall,PLACE,2021-07-01,20116,,,,CENPEP,2024
1600000US3984742,Whitehall,PLACE,2022-07-01,19986,,,,CENPEP,2024
1600000US3984742,Whitehall,PLACE,2023-07-01,19899,,,,CENPEP,2024
1600000US3986604,Worthington,PLACE,2000-07-01,14130,,,,CENINT,2012
1600000US3986604,Worthington,PLACE,2001-07-01,14093,,,,CENINT,2012
1600000US3986604,Worthington,PLACE,2002-07-01,13989,,,,CENINT,2012
1600000US3986604,Worthington,PLACE,2003-07-01,13898,,,,CENINT,2012
1600000US3986604,Worthington,PLACE,2004-07-01,13778,,,,CENINT,2012
1600000US3986604,Worthington,PLACE,2005-07-01,13680,,,,CENINT,2012
1600000US3986604,Worthington,PLACE,2006-07-01,13637,,,,CENINT,2012
1600000US3986604,Worthington,PLACE,2007-07-01,13605,,,,CENINT,2012
1600000US3986604,Worthington,PLACE,2008-07-01,13604,,,,CENINT,2012
1600000US3986604,Worthington,PLACE,2009-07-01,13606,,,,CENINT,2012
1600000US3986604,Worthington,PLACE,2010-07-01,13583,,,,CENINT,2024
1600000US3986604,Worthington,PLACE,2011-07-01,13681,,,,CENINT,2024
1600000US3986604,Worthington,PLACE,2012-07-01,13814,,,,CENINT,2024
1600000US3986604,Worthington,PLACE,2013-07-01,13932,,,,CENINT,2024
1600000US3986604,Worthington,PLACE,2014-07-01,14477,,,,CENINT,2024
1600000US3986604,Worthington,PLACE,2015-07-01,14576,,,,CENINT,2024
1600000US3986604,Worthington,PLACE,2016-07-01,14652,,,,CENINT,2024
1600000US3986604,Worthington,PLACE,2017-07-01,14714,,,,CENINT,2024
1600000US3986604,Worthington,PLACE,2018-07-01,14727,,,,CENINT,2024
1600000US3986604,Worthington,PLACE,2019-07-01,14737,,,,CENINT,2024
1600000US3986604,Worthington,PLACE,2020-07-01,14785,,,,CENPEP,2024
1600000US3986604,Worthington,PLACE,2021-07-01,14582,,,,CENPEP,2024
1600000US3986604,Worthington,PLACE,2022-07-01,14680,,,,CENPEP,2024
1600000US3986604,Worthington,PLACE,2023-07-01,14618,,,,CENPEP,2024
M010000US001,15-County Region,REGION15,2000-07-01,1950805,,,,MORPC,2012
M010000US001,15-County Region,REGION15,2001-07-01,1976410,,,,MORPC,2012
M010000US001,15-County Region,REGION15,2002-07-01,1997739,,,,MORPC,2012
M010000US001,15-County Region,REGION15,2003-07-01,2022581,,,,MORPC,2012
M010000US001,15-County Region,REGION15,2004-07-01,2043896,,,,MORPC,2012
M010000US001,15-County Region,REGION15,2005-07-01,2066931,,,,MORPC,2012
M010000US001,15-County Region,REGION15,2006-07-01,2093863,,,,MORPC,2012
M010000US001,15-County Region,REGION15,2007-07-01,2120350,,,,MORPC,2012
M010000US001,15-County Region,REGION15,2008-07-01,2145521,,,,MORPC,2012
M010000US001,15-County Region,REGION15,2009-07-01,2167524,,,,MORPC,2012
M010000US001,15-County Region,REGION15,2010-07-01,2186934,,,,MORPC,2024
M010000US001,15-County Region,REGION15,2011-07-01,2207151,,,,MORPC,2024
M010000US001,15-County Region,REGION15,2012-07-01,2227311,,,,MORPC,2024
M010000US001,15-County Region,REGION15,2013-07-01,2254486,,,,MORPC,2024
M010000US001,15-County Region,REGION15,2014-07-01,2282556,,,,MORPC,2024
M010000US001,15-County Region,REGION15,2015-07-01,2308495,,,,MORPC,2024
M010000US001,15-County Region,REGION15,2016-07-01,2333694,,,,MORPC,2024
M010000US001,15-County Region,REGION15,2017-07-01,2365217,,,,MORPC,2024
M010000US001,15-County Region,REGION15,2018-07-01,2387781,,,,MORPC,2024
M010000US001,15-County Region,REGION15,2019-07-01,2407967,,,,MORPC,2024
M010000US001,15-County Region,REGION15,2020-07-01,2422365,,,,MORPC,2024
M010000US001,15-County Region,REGION15,2021-07-01,2427075,,,,MORPC,2024
M010000US001,15-County Region,REGION15,2022-07-01,2448067,,,,MORPC,2024
M010000US001,15-County Region,REGION15,2023-07-01,2474417,,,,MORPC,2024
M010000US001,15-County Region,REGION15,2024-06-30,2504575,,,,MORPC,2025
M010000US001,15-County Region,REGION15,2025-07-01,,2555315,2597188,2445231,MORPC,2022
M010000US001,15-County Region,REGION15,2030-07-01,,2676926,2816613,2428110,MORPC,2022
M010000US001,15-County Region,REGION15,2035-07-01,,2827180,3068141,2378893,MORPC,2022
M010000US001,15-County Region,REGION15,2040-07-01,,2944699,3345949,2303397,MORPC,2022
M010000US001,15-County Region,REGION15,2045-07-01,,3045854,3646586,2205068,MORPC,2022
M010000US001,15-County Region,REGION15,2050-07-01,,3147011,3967683,2086279,MORPC,2022
